,Year,Std_sealevel,Std_avgT,Std_slp,Std_avgRH,Std_PP,Std_avgW,Std_CO2pc
0,1954,-1.38170427434621,-0.9005008899925913,0.5506867147441,0.6238514708130608,-0.8922656703408682,-0.018254189663475147,-1.2870038579262126
1,1954,-1.3334509895117383,-0.6958844573974177,0.9288038437355844,0.017965342988598247,-0.8325727998571889,0.3058406504525733,-1.28734526090629
2,1954,-1.3032926864901937,0.12258127298328622,0.6347127434088478,0.10976627144685022,-0.6533424911495216,0.8189908139696497,-1.2875501026943368
3,1954,-1.7586830621155185,0.9410470033639877,-0.4576256292332079,0.4586097995882062,-0.8017024081331007,1.4401725908587426,-1.2878232250783987
4,1954,-1.9547120317555589,0.12258127298328622,-0.9197687868894879,1.5785811267788818,0.04985014195618458,0.17080113373755312,-1.2880280668664452
5,1954,-2.1718518135106804,0.19078675051500993,-1.0878208442190314,1.2297375986375234,0.07283227633554269,0.41387226382458947,-1.288232908654492
6,1954,-2.099471886258973,-0.2866515922070657,-1.0458078298866813,1.5051403840122792,0.751146559354023,0.44088016716759343,-1.2883694698465231
7,1954,-1.9516962014534043,-0.3548570697387919,-1.2558729015486223,1.5235005697039286,0.5874652194508717,0.38686436048158535,-1.288506031038554
9,1954,-1.0258362986919827,-0.6958844573974177,0.6767257577412455,1.7254626123120846,-0.3835489202340867,-0.18030160972149925,-1.2887108728266006
10,1954,-1.137422019871698,-1.7189666203732952,1.1388689153975255,0.4586097995882062,-0.9307967735247425,-0.23431741640750736,-1.2888474340186318
11,1954,-1.0047254865769015,-2.60563782828572,1.6010120730538056,-0.40431892791936297,-0.9076629418887551,0.7919829106266458,-1.2888474340186318
12,1955,-1.1193270380587712,-3.151281648539522,2.6513374313635114,-1.5242902551100361,-0.9346650535687928,1.4131646875157386,-1.2889157146146473
13,1955,-1.188691135008324,-1.1733228001194933,0.21458260008496552,0.5320505423548089,-0.8594990629089121,4.167970828502151,-1.2889157146146473
14,1955,-1.1615486622889337,-0.08203515961188976,0.3826346574145566,0.2566477569800529,0.6258446253781167,4.248994538531162,-1.2889157146146473
15,1955,-1.5113849773388521,0.19078675051500993,-0.12152151457412118,0.6238514708130608,-0.5319846858459805,3.3037179215260206,-1.2888474340186318
16,1955,-1.7074139469788925,0.19078675051500993,-1.2138598872162245,1.1746570415625728,0.6335053368379027,2.2234017878058596,-1.288779153422616
17,1955,-2.045186940820193,-0.2866515922070657,-1.6760030448725047,1.48678019832063,-0.31422327395443883,4.303010345217171,-1.2887108728266006
18,1955,-2.3075641771076314,-0.2866515922070657,-1.2558729015486223,1.1379366701792715,0.6241001069268783,3.89789179507211,-1.288642592230585
20,1955,-1.9516962014534043,-0.6958844573974177,-0.7517167295599446,2.0375857690701418,1.1151441266363316,3.0876546947819894,-1.2883694698465231
21,1955,-1.5445591106625511,-0.7640899349291413,-0.0795085002417234,1.5235005697039286,-0.23147242046308675,3.4657653415840453,-1.2881646280584764
22,1955,-1.6802714742595022,-2.2646104406270946,0.46666068607930444,0.9726949989544168,-0.7478498820296542,3.3577337282120294,-1.2880280668664452
23,1955,-1.5415432803603968,-2.9466652159443463,1.05484288673273,-0.385958742227711,-0.9307967735247425,2.250409691148864,-1.2878232250783987
24,1956,-1.4932899955259253,-2.9466652159443463,0.5086737004117022,-0.4593994849943136,-0.9346650535687928,3.2767100181830173,-1.2875501026943368
25,1956,-1.6501131712379575,-0.6276789798656915,-0.12152151457412118,0.31172831405500356,-0.9346650535687928,5.032223735478279,-1.28734526090629
26,1956,-1.671223983353039,0.46360866064191203,-0.0795085002417234,0.054685714371896954,-0.9346650535687928,6.193563579227453,-1.2870721385222281
27,1956,-2.066297752935274,0.054375795451560086,-1.0037948155542835,0.9910551846460687,-0.30656256249465286,2.6825361446369276,-1.2867307355421502
28,1956,-2.2110576074386885,-0.08203515961188976,-1.381911944545768,1.3215385270957754,-0.32013946696298645,1.9803306577188233,-1.2864576131580883
29,1956,-2.3256591589205584,-0.2184461146753396,-1.2138598872162245,1.4316996412456766,0.3696279589310154,1.1430856540856984,-1.2861162101780106
30,1956,-2.1718518135106804,-0.4912680248022417,-1.2978859158809724,1.3582588984790767,-0.27189973935482886,1.7372595276317868,-1.2857748071979331
31,1956,-2.078361074143892,-0.6276789798656915,-1.633990030540107,1.7805431693870353,0.19821005893976362,3.5467890516130574,-1.2854334042178555
36,1957,-1.80693634694999,-1.9235830529684685,0.9288038437355844,-0.5328402277609137,-0.9346650535687928,2.0613543677478354,-1.2832484251453586
37,1957,-1.2309127592384865,-1.309733755182943,0.8027648007384389,0.036325528680247604,-0.9115312219328053,4.951200025449267,-1.28277046097325
38,1957,-1.3605934622311286,-0.08203515961188976,0.34062164308215886,0.07304590006354891,-0.5667233576141191,3.76285227835709,-1.2822242162051256
39,1957,-1.659160662144421,0.6000196157053619,-0.12152151457412118,1.0461357417210193,-0.4645552552742004,3.03363888809598,-1.281746252033017
40,1957,-2.153756831697754,1.3502798685543371,-0.8357427582247401,0.14648664283014892,-0.7285084818094024,3.76285227835709,-1.2812000072648928
41,1957,-2.3889915952658023,-0.013829682080166047,-1.2978859158809724,1.3398987127874247,0.5255727387460658,3.3037179215260206,-1.2805854819007532
42,1957,-2.1386776801869813,-0.2866515922070657,-1.2978859158809724,1.6336616838538325,-0.36056678585472857,1.4131646875157386,-1.280039237132629
43,1957,-2.078361074143892,-0.5594735023339654,-1.3398989302133701,1.670382055237134,1.0381577688968977,1.6292279142597708,-1.2794247117684892
44,1957,-1.6169390379142585,-0.7640899349291413,-0.667690700895149,2.239547811678295,0.3755441519395631,0.900014523998662,-1.2788101864043495
45,1957,-1.3696409531375922,-0.9687063675243174,0.3826346574145566,2.4047894829031495,2.7509714934997516,0.927022427341666,-1.2781273804441942
46,1957,-1.0198046380876737,-0.9005008899925913,1.3489339870594668,1.4316996412456766,-0.784408920877346,0.4678880705105976,-1.2775128550800545
47,1957,-1.3485301410225108,-1.5143501877781191,1.1808819297299233,0.6054912851214088,-0.9385333336128432,0.17080113373755312,-1.2768300491198992
48,1958,-0.9353613896273487,-1.582555665309843,1.8951031733804946,-0.2574374423861577,-0.7555105934894403,0.710959200597634,-1.276147243159744
49,1958,-1.1163112077566169,-1.1733228001194933,1.01282987240038,0.017965342988598247,-0.6880811629176602,2.3584413045208796,-1.2753961566035732
50,1958,-1.3666251228354376,0.5318141381736358,0.34062164308215886,0.31172831405500356,-0.8692076873331954,2.0343464644048312,-1.2746450700474024
51,1958,-1.4872583349216164,1.1456634359591638,-0.16353452890651896,-0.1656365139279057,-0.9346650535687928,2.277417594491867,-1.2738939834912315
52,1958,-1.8099521772521443,1.5548963011495132,-1.0458078298866813,-0.27579762807780966,-0.8266566068486413,1.062061944056686,-1.2731428969350609
53,1958,-1.8521738014823068,0.6682250932370856,-1.5919770162077092,0.2933681283633542,-0.029108280119431847,1.6292279142597708,-1.27239181037889
54,1958,-1.9728070135684856,-0.2184461146753396,-1.2138598872162245,1.284818155712474,-0.26021905059436296,0.3598564571385814,-1.2715724432267037
55,1958,-1.936617049942632,-0.3548570697387919,-0.9197687868894879,1.7805431693870353,-0.49550149562660345,0.11678532705154501,-1.2707530760745174
56,1958,-1.83407881966938,-0.5594735023339654,-0.8357427582247401,2.01922558337849,-0.8557066314931764,0.035761617022532964,-1.269933708922331
57,1958,-1.420910068274218,-0.7640899349291413,0.2565956144173633,1.8907042835369365,-0.9385333336128432,0.5219038771966055,-1.2690460611741292
58,1958,-1.0831370744329176,-1.7871720979050187,1.4749730300566122,0.3484486854383049,-0.8402335113169749,0.38686436048158535,-1.2681584134259274
59,1958,-1.2640868925621858,-2.8784597384126225,1.8530901590481446,-0.27579762807780966,-0.9385333336128432,0.035761617022532964,-1.2672707656777256
60,1959,-1.1132953774544623,-2.059994008031921,1.769064130383349,-0.4961198563776149,-0.7863051365852138,0.3058406504525733,-1.2663831179295237
61,1959,-1.3002768561880393,-0.2184461146753396,0.7607517864060411,0.5504107280464582,-0.6456817796897355,2.196393884462856,-1.265495470181322
62,1959,-1.2067861168212508,-0.2184461146753396,0.6767257577412455,0.07304590006354891,-0.7630954563209116,1.1430856540856984,-1.2645395418371046
63,1959,-1.653129001540112,1.1456634359591638,-0.4576256292332079,0.4218894282049049,-0.932768837860925,1.845291141003803,-1.2635836134928873
64,1959,-1.8189996681586078,0.6000196157053619,-1.0037948155542835,1.119576484487622,-0.20257409307518098,1.1700935574287024,-1.2626276851486697
65,1959,-2.3045483468054773,0.6682250932370856,-1.0458078298866813,0.4218894282049049,-0.7901734166292642,0.7649750072836419,-1.261603476208437
66,1959,-2.162804322604217,-0.6958844573974177,-1.1298338585514291,1.853983912153638,-0.33553673851087323,0.25182484376656517,-1.260579267268204
67,1959,-1.942648710546941,-0.3548570697387919,-1.5499640018753114,0.9910551846460687,-0.6610032026093076,0.8459987173126542,-1.2596233389239868
68,1959,-1.6440815106336486,-0.6276789798656915,-0.8777557725570901,1.743822798003734,0.17697244301164383,0.900014523998662,-1.2585308493877383
69,1959,-1.1615486622889337,-0.8322954124608675,0.3826346574145566,1.8172635407703366,0.3581748160554938,0.1437932303945492,-1.2575066404475053
70,1959,-0.9715513532532023,-0.9005008899925913,0.5926997290764977,1.4133394555540273,-0.6013103321256282,-0.18030160972149925,-1.256414150911257
71,1959,-1.1705961531953972,-0.6958844573974177,1.01282987240038,0.10976627144685022,-0.8672356229970127,0.008753713679529028,-1.2553216613750087
96,1962,-0.775522383613162,-2.4010213956905466,1.1808819297299233,-1.1570865412770281,-0.9307967735247425,0.1437932303945492,-1.2235029036317737
97,1962,-1.110279547152308,-1.7189666203732952,1.4329600157242623,-0.9734846843605242,-0.7786444251254279,-0.0992778996924872,-1.2220690111154477
98,1962,-1.1283745289652347,-0.013829682080166047,0.21458260008496552,0.12812645713849957,-0.6726838913697735,0.11678532705154501,-1.2206351185991215
99,1962,-1.3545618016268197,0.8046360483005378,-0.24756055757126674,0.20156719990510222,-0.4934535826621061,0.7379671039406379,-1.2191329454867799
100,1962,-1.6048757167056407,0.6000196157053619,-1.0458078298866813,0.7707329563462635,0.42947252667132424,0.11678532705154501,-1.2176307723744384
101,1962,-1.999949486287876,-0.08203515961188976,-1.2558729015486223,0.9543348132627674,0.030660438992562124,0.27883274710956935,-1.216128599262097
102,1962,-1.9667753529641767,-0.3548570697387919,-1.6760030448725047,1.02777555602937,0.03642493474448026,0.44088016716759343,-1.2146264261497552
103,1962,-1.7677305530219818,-0.6276789798656915,-0.7097037152275468,1.48678019832063,0.94759450668913,0.035761617022532964,-1.2131242530374138
104,1962,-1.7345564196982828,-0.9687063675243174,-1.0458078298866813,2.202827440294994,2.521529392847744,0.008753713679529028,-1.211622079925072
105,1962,-1.2309127592384865,-0.6958844573974177,0.2986086287497611,1.652021869545482,0.6085511381223621,-0.4233727398085356,-1.2100516262167151
106,1962,-0.995677995670438,-1.1733228001194933,0.9288038437355844,0.8808940704961647,-0.7670395849932767,-0.4773885464945436,-1.208481172508358
107,1962,-1.2218652683320232,-2.6738433058174462,1.6430250873862033,-0.587920784835867,-0.9307967735247425,-0.4233727398085356,-1.2069107188000008
108,1963,-1.2037702865190965,-3.9015419013884998,1.8530901590481446,-1.8731337832513932,-0.9346650535687928,-0.28833322309351544,-1.2053402650916438
109,1963,-1.0921845653393811,-1.3779392327146693,1.4329600157242623,-0.1656365139279057,-0.7382171062336856,-0.07226999634948301,-1.2037698113832866
110,1963,-1.2067861168212508,-0.2866515922070657,0.5506867147441,0.21992738559675157,-0.8672356229970127,1.062061944056686,-1.2021310770789142
111,1963,-1.4329733894828358,0.5318141381736358,-0.12152151457412118,0.2566477569800529,-0.520455694342144,1.08906984739969,-1.2004923427745415
112,1963,-1.7104297772810468,1.0774579584274375,-0.9617818012218857,0.6238514708130608,-0.5743840690739052,0.7649750072836419,-1.1989218890661844
113,1963,-2.1597884923020625,0.054375795451560086,-0.9617818012218857,0.935974627571118,-0.19089340431471521,0.3058406504525733,-1.1972831547618117
114,1963,-1.9336012196404775,-0.5594735023339654,-1.0037948155542835,1.4133394555540273,1.099974400973389,-0.018254189663475147,-1.1956444204574392
115,1963,-1.7466197409069006,-0.6276789798656915,-1.0458078298866813,1.670382055237134,0.889949549169948,-0.07226999634948301,-1.193937405557051
116,1963,-1.6320181894250307,-0.6276789798656915,-0.667690700895149,2.01922558337849,0.5488582676386827,-0.07226999634948301,-1.1922986712526784
117,1963,-1.1705961531953972,-0.7640899349291413,0.8447778150707889,2.0926663261450926,0.35233447167526083,-0.6934517732385758,-1.1905916563522903
118,1963,-1.194722795612633,-0.6958844573974177,0.9288038437355844,1.6336616838538325,-0.6631269642021196,-0.774475483267588,-1.1889529220479176
119,1963,-1.2037702865190965,-1.9917885305001948,1.6010120730538056,-0.0003948427030537134,-0.8961339503849185,-0.6394359665525678,-1.1872459071475294
120,1964,-1.324403498605275,0.054375795451560086,1.01282987240038,-1.24888746973528,-0.9231360620649565,-0.5584122565235556,-1.1855388922471415
121,1964,-0.5945725654838938,-0.8322954124608675,0.7187387720736433,-1.1387263555853788,-0.8788404631291639,-0.23431741640750736,-1.1837635967507378
122,1964,-1.0137729774833648,0.46360866064191203,0.3826346574145566,-0.7898828274440203,-0.7824368565411635,0.710959200597634,-1.1820565818503495
123,1964,-1.3153560076988116,1.3502798685543371,-0.5836646722304012,-0.8633235702106229,-0.7670395849932767,0.7919829106266458,-1.1803495669499615
124,1964,-1.6470973409358032,0.19078675051500993,-1.4239249588781657,0.935974627571118,1.7836739366022136,-0.018254189663475147,-1.1785742714535579
125,1964,-1.8883637651081606,0.6682250932370856,-1.0458078298866813,-0.0921957711613057,-0.664871482653358,0.33284855379557743,-1.1767989759571542
126,1964,-1.8310629893672257,-0.013829682080166047,-0.9197687868894879,0.935974627571118,0.8781171631528527,-0.3153411264365194,-1.1750236804607503
127,1964,-2.0512186014245017,-0.2866515922070657,-1.381911944545768,0.6972922135796609,0.2192959776112539,0.1978090370805573,-1.1732483849643467
128,1964,-1.6953506257702746,-0.5594735023339654,-1.2138598872162245,1.835623726461986,1.458283321132094,-0.6664438698955718,-1.171473089467943
129,1964,-1.2701185531664947,-0.2184461146753396,-0.49963864356560567,1.1562968558709208,-0.2699276750186463,-0.3693569331225275,-1.1696977939715394
130,1964,-0.995677995670438,-1.7189666203732952,0.7187387720736433,-0.3308781851527603,-0.7843330722490313,0.008753713679529028,-1.1679224984751357
131,1964,-1.040915450202755,-2.059994008031921,1.6010120730538056,-1.340688398193532,-0.7901734166292642,-0.1532937063784953,-1.1660789223827166
132,1965,-1.5777332439862504,-2.196404963095371,1.7270511160509512,-2.0934560115511984,-0.9307967735247425,-0.28833322309351544,-1.1642353462902972
133,1965,-1.5536066015690146,-0.2866515922070657,0.1725695857526155,0.3851690568216062,0.6375253141385824,-0.18030160972149925,-1.1624600507938936
134,1965,-1.3847201046483644,0.25899222804673605,0.46666068607930444,-0.23907725669450833,-0.7169036416772513,-0.20730951306450318,-1.1606164747014744
135,1965,-1.6561448318422665,1.0092524808957113,-0.4156126149008579,-0.3492383708444097,-0.4163913762943575,0.6569433939116256,-1.1587728986090553
136,1965,-1.936617049942632,0.46360866064191203,-1.0037948155542835,0.4402496138965568,0.32351199291566973,-0.018254189663475147,-1.1568610419206207
137,1965,-2.09042439535251,0.054375795451560086,-0.9617818012218857,0.5504107280464582,-0.1543343654670234,0.33284855379557743,-1.1550174658282015
138,1965,-2.1899467953236074,-0.013829682080166047,-1.1298338585514291,0.017965342988598247,2.633406119611946,0.6299354905686217,-1.1531738897357822
139,1965,-1.671223983353039,0.054375795451560086,-0.7097037152275468,0.6054912851214088,-0.1774681971030109,0.06276952036553714,-1.1512620330473475
140,1965,-1.7375722500004371,-0.42306254727051557,-0.625677686562799,1.119576484487622,0.49310952582736856,-0.28833322309351544,-1.1494184569549284
141,1965,-1.5897965651948682,-0.2184461146753396,0.5506867147441,0.9726949989544168,1.1808290387568734,-0.23431741640750736,-1.1475066002664935
142,1965,-1.5536066015690146,-0.2184461146753396,1.1388689153975255,-0.0003948427030537134,-0.703478434465547,-0.45038064315153953,-1.145594743578059
143,1965,-1.3847201046483644,-0.4912680248022417,0.9288038437355844,-0.9367643129772228,-0.7226681374291694,-0.07226999634948301,-1.143682886889624
144,1973,-0.7061582866636091,-1.446144710246393,1.3489339870594668,-0.385958742227711,-0.9231360620649565,-1.0715624200406322,-0.9662216178452729
145,1973,-0.7001266260593002,0.054375795451560086,1.0968559010651278,-0.18399669961955767,-0.9385333336128432,-0.6394359665525678,-0.9641049193687917
146,1973,-0.6036200563903572,0.3271977055784598,0.34062164308215886,0.7156523992713127,-0.9385333336128432,-0.5043964498375476,-0.9619882208923105
147,1973,-0.9534563714402755,1.4184853460860634,-0.7097037152275468,0.27500794267170225,-0.9385333336128432,-0.0992778996924872,-0.9598715224158292
148,1973,-1.110279547152308,0.5318141381736358,-0.625677686562799,0.8808940704961647,-0.9385333336128432,-0.774475483267588,-0.9577548239393477
149,1973,-1.131390359267389,0.46360866064191203,-1.4659379732105635,0.7890931420379128,-0.32969639413064034,-0.28833322309351544,-0.9556381254628665
150,1973,-1.529479959151779,0.12258127298328622,-1.5499640018753114,0.4953301709715075,-0.4414972722665276,-0.26132531975051126,-0.9535214269863853
151,1973,-1.3696409531375922,-0.013829682080166047,-1.1718468728838267,0.7156523992713127,-0.16593920559917452,-0.6124280632095638,-0.9514047285099039
152,1973,-1.273134383468649,-0.4912680248022417,-0.625677686562799,1.8172635407703366,1.619916748070748,-0.9905387100116202,-0.9492880300334227
153,1973,-0.6066358866925117,-0.5594735023339654,-0.16353452890651896,1.0461357417210193,0.07108775788430435,-1.0175466133546243,-0.9471713315569414
154,1973,-0.5071134867214143,-1.7871720979050187,0.8027648007384389,0.18320701421345026,-0.6572866198218866,-0.8554991932966001,-0.9451229136764756
155,1973,-0.4136227473546258,-3.287692603602972,1.7270511160509512,-0.9184041272855735,-0.8557066314931764,-0.828491289953596,-0.9430062151999944
156,1974,-0.5252084685343411,-2.5374323507539964,0.7607517864060411,-0.22071707100285898,-0.7709078650373271,-1.0445545166976282,-0.940889516723513
157,1974,-0.33521115949860963,-1.582555665309843,0.5086737004117022,-0.385958742227711,-0.9385333336128432,-0.3153411264365194,-0.9388410988430473
158,1974,-0.5191768079300322,-0.2866515922070657,0.5926997290764977,0.18320701421345026,-0.8692076873331954,-0.28833322309351544,-0.9367244003665659
159,1974,-0.859965632073487,0.054375795451560086,-0.49963864356560567,0.935974627571118,-0.11398289520359602,-0.6124280632095638,-0.9346759824861003
160,1974,-1.0107571471812105,0.054375795451560086,-0.8357427582247401,1.0644959274126689,0.39276179056700306,-0.828491289953596,-0.9325592840096188
161,1974,-1.4299575591806815,-0.013829682080166047,-1.381911944545768,0.752372770654614,-0.2912411395750807,-0.5314043531805516,-0.9305108661291531
162,1974,-1.5596382621733236,-0.15024063714361588,-1.0037948155542835,0.6238514708130608,0.07488018930004002,-0.6934517732385758,-0.9284624482486873
163,1974,-1.529479959151779,-0.2866515922070657,-1.5499640018753114,1.193017227254222,0.27132813663514704,-0.828491289953596,-0.9263457497722061
164,1974,-1.0167888077855194,-0.15024063714361588,-0.5416516578980034,1.119576484487622,0.5873893708225572,-0.9635308066686161,-0.9242973318917402
165,1974,-1.0499629411092184,-0.6958844573974177,-0.7097037152275468,2.1661070689116926,2.1188490251249315,-1.2336098400986564,-0.9222489140112744
166,1974,-0.39854359584385346,-1.446144710246393,0.46666068607930444,1.1379366701792715,-0.21023480453496707,-1.0175466133546243,-0.9202004961308087
167,1974,-0.4709235230955607,-1.446144710246393,1.05484288673273,-0.03711521408635503,-0.9385333336128432,-1.0985703233836361,-0.9181520782503431
168,1975,-0.6186992079011296,-1.7189666203732952,1.2228949440623211,0.5871310994297595,-0.6417376510173705,-0.9635308066686161,-0.9161036603698772
169,1975,-0.5191768079300322,-0.5594735023339654,0.7607517864060411,0.20156719990510222,-0.9385333336128432,-0.5854201598665597,-0.9140552424894114
170,1975,-1.2671027228643401,0.5318141381736358,-0.16353452890651896,1.119576484487622,-0.9385333336128432,-0.3693569331225275,-0.9120751052049612
171,1975,-0.7634590624045441,1.2138689134908873,-0.7937297438923423,0.3484486854383049,-0.9385333336128432,-0.4233727398085356,-0.9100266873244954
172,1975,-0.9444088805338121,0.12258127298328622,-1.1298338585514291,1.1562968558709208,-0.9385333336128432,-0.9905387100116202,-0.9079782694440298
173,1975,-1.2942451955837304,-0.08203515961188976,-1.7180160592048546,0.935974627571118,-0.9385333336128432,-0.774475483267588,-0.9059981321595795
174,1975,-1.3123401773966572,-0.15024063714361588,-0.9197687868894879,0.8625338848045154,-0.9385333336128432,-0.828491289953596,-0.9039497142791137
175,1975,-1.1555170016846248,-0.3548570697387919,-1.6760030448725047,1.193017227254222,-0.9385333336128432,-0.5854201598665597,-0.9019695769946634
176,1975,-0.8418706502605602,-0.5594735023339654,-0.7937297438923423,1.7071024266204327,-0.9385333336128432,-1.0715624200406322,-0.8999894397102131
177,1975,-0.7513957411959262,-0.6958844573974177,-0.5836646722304012,1.5969413124705312,-0.9385333336128432,-0.9905387100116202,-0.8980093024257629
178,1975,-0.2236254383188943,-1.309733755182943,0.9288038437355844,0.20156719990510222,-0.9385333336128432,0.11678532705154501,-0.8960291651413127
179,1975,-0.30203702617491046,-3.6287199912615975,1.4329600157242623,-1.2672476554269294,-0.9385333336128432,0.1437932303945492,-0.8940490278568626
180,1976,-0.576477583670967,-3.151281648539522,1.5589990587214078,-1.8547735975597426,-0.9385333336128432,-0.26132531975051126,-0.8920688905724121
181,1976,-0.5221926382321866,-1.241528277651217,0.46666068607930444,0.7707329563462635,-0.6726838913697735,1.1430856540856984,-0.8900887532879619
182,1976,-0.4618760321890973,-0.08203515961188976,0.004517528423024388,0.12812645713849957,-0.9385333336128432,1.3591488808297303,-0.8881086160035118
183,1976,-0.6609208321312922,1.0774579584274375,-0.2895735719036645,-0.569560599144215,-0.6957418743774464,1.1160777507426944,-0.8861284787190615
184,1976,-0.9715513532532023,-0.08203515961188976,-1.0458078298866813,0.9176144418794661,0.07677640500790785,0.6029275872256178,-0.8842166220306268
185,1976,-1.2369444198427955,0.5318141381736358,-1.3398989302133701,-0.3492383708444097,-0.742085386277736,1.6022200109167668,-0.8823047653421919
186,1976,-1.1223428683609258,-0.15024063714361588,-1.1718468728838267,0.6422116565047101,-0.3701237130223825,0.710959200597634,-0.8803246280577418
187,1976,-1.0650420926199908,-0.42306254727051557,-0.667690700895149,1.211377412945874,-0.5473819573938673,0.3598564571385814,-0.8784127713693071
188,1976,-1.001709656274747,-0.2184461146753396,-0.5416516578980034,0.8625338848045154,0.25206258504320994,0.6029275872256178,-0.8765009146808724
189,1976,-0.6428258503183654,-0.2866515922070657,0.13055657142021773,1.2664579700208247,-0.26803145931077843,0.008753713679529028,-0.8745890579924376
190,1976,-0.6759999836420645,-1.446144710246393,1.05484288673273,-0.0003948427030537134,-0.7439057533572891,-0.12628580303549114,-0.8726772013040028
191,1976,-0.5101293170235688,-1.1051173225877673,1.1808819297299233,-1.3039680268102307,-0.9385333336128432,-0.20730951306450318,-0.8707653446155683
192,1977,-0.4317177291675526,-0.8322954124608675,0.8027648007384389,-0.8816837559022722,-0.6726838913697735,-0.12628580303549114,-0.8689217685231491
193,1977,-0.09696056562840667,-1.1733228001194933,1.3909470013918646,-1.3957689552684829,-0.7420095376494213,0.49489597385360157,-0.8670099118347143
194,1977,-0.45584437158478835,-0.4912680248022417,1.306920972727069,-0.20235688531120702,-0.9077387905170696,1.4941883975447505,-0.8651663357422951
195,1977,-0.6880633048506823,0.8046360483005378,-0.24756055757126674,0.18320701421345026,-0.7226681374291694,1.521196300887755,-0.8632544790538604
196,1977,-0.9775830138575112,0.6682250932370856,-0.625677686562799,-0.0003948427030537134,-0.37209577735856497,0.5489117805396097,-0.8614109029614413
197,1977,-1.3394826501160475,1.0092524808957113,-1.2978859158809724,-0.36759855653606166,-0.364435065898779,0.6299354905686217,-0.8595673268690219
198,1977,-1.2128177774255597,0.3271977055784598,-1.5919770162077092,0.1648468285218009,-0.07924422343545727,0.22481694042356123,-0.8577237507766028
199,1977,-1.0258362986919827,0.19078675051500993,-1.2558729015486223,-0.07383558546965373,-0.01757928861559547,0.44088016716759343,-0.8558801746841835
200,1977,-0.7966331957282432,-0.2184461146753396,-0.8357427582247401,0.8258135134212141,1.2847416595480303,-0.18030160972149925,-0.8540365985917644
201,1977,-0.6036200563903572,0.054375795451560086,0.8867908294031867,0.6054912851214088,0.1866052188076125,-0.5854201598665597,-0.8522613030953607
202,1977,-0.4679076927934062,-0.9005008899925913,1.6010120730538056,-0.9367643129772228,-0.8403093599452897,-0.4773885464945436,-0.8504177270029415
203,1977,-0.4136227473546258,-1.0369118450560435,1.8110771447157468,-1.3039680268102307,-0.9385333336128432,-0.4233727398085356,-0.8486424315065378
204,1978,-0.4287018988653981,-0.6276789798656915,1.4749730300566122,-0.5512004134525657,-0.8788404631291639,-0.0992778996924872,-0.8468671360101342
205,1978,-0.1421980201607237,-0.8322954124608675,1.9791292020452902,0.4035292425132555,-0.6939215072978931,-0.28833322309351544,-0.8450918405137304
206,1978,-0.395527765541699,0.8046360483005378,0.1725695857526155,-0.0003948427030537134,-0.9307967735247425,1.1700935574287024,-0.843316545017327
207,1978,-0.6217150382032841,1.4184853460860634,-0.24756055757126674,-0.36759855653606166,-0.9366371179049754,0.8459987173126542,-0.8415412495209232
208,1978,-0.7031424563614547,0.46360866064191203,-1.1718468728838267,0.7707329563462635,0.6413177455543181,-0.045262093006479084,-0.8397659540245196
209,1978,-1.0288521289941372,0.3271977055784598,-1.3398989302133701,0.9726949989544168,1.0977747907522624,0.22481694042356123,-0.8380589391241313
210,1978,-1.0680579229221452,0.054375795451560086,-1.4239249588781657,0.8441736991128661,0.08269259801645527,-0.12628580303549114,-0.8362836436277277
211,1978,-1.2248810986341776,-0.013829682080166047,-1.4659379732105635,0.4035292425132555,-0.2546062520990742,0.8189908139696497,-0.8345766287273396
212,1978,-0.8086965169368611,-0.4912680248022417,-0.8777557725570901,1.5051403840122792,1.1152958238929607,-0.20730951306450318,-0.8328696138269513
213,1978,-0.18140381408873177,-0.2866515922070657,0.34062164308215886,0.5504107280464582,-0.136965029582954,-0.07226999634948301,-0.8311625989265633
214,1978,-0.24775208073613006,-0.6276789798656915,1.3909470013918646,-0.40431892791936297,-0.9346650535687928,0.22481694042356123,-0.8294555840261751
215,1978,-0.27791038375767474,-1.309733755182943,1.9791292020452902,-1.616091183568288,-0.9385333336128432,0.5219038771966055,-0.8278168497218026
216,1979,-0.38346444433308113,-0.5594735023339654,1.5589990587214078,0.20156719990510222,-0.6669193956178552,0.38686436048158535,-0.8261098348214144
217,1979,-0.29600536557060153,0.054375795451560086,0.6347127434088478,-0.0003948427030537134,-0.8922656703408682,1.1430856540856984,-0.8244711005170419
218,1979,-0.3714011231244632,1.0092524808957113,-0.037495485909325624,-0.23907725669450833,-0.9346650535687928,2.0343464644048312,-0.8228323662126691
219,1979,-0.5704459230666581,1.2138689134908873,-0.3315865862360623,-0.587920784835867,-0.8557066314931764,1.3321409774867263,-0.8211936319082968
220,1979,-0.8901239350950317,0.9410470033639877,-0.9617818012218857,-0.36759855653606166,-0.08887699923142593,1.1160777507426944,-0.819554897603924
221,1979,-0.8720289532821048,0.25899222804673605,-0.9617818012218857,1.0644959274126689,1.8973710304459688,0.08977742370854107,-0.8179161632995514
222,1979,-1.001709656274747,0.3271977055784598,-0.667690700895149,0.5320505423548089,-0.125360189450803,0.9540303306846699,-0.8162774289951787
223,1979,-0.9625038623467389,0.12258127298328622,-1.0458078298866813,0.6789320278880114,0.024820094612329237,0.900014523998662,-0.8147069752868217
224,1979,-0.6699683230377556,0.054375795451560086,-0.20554754323891675,1.284818155712474,1.1614117899083067,-0.1532937063784953,-0.8131365215784646
225,1979,-0.2145779474124309,-0.2866515922070657,1.05484288673273,-0.27579762807780966,-0.622547948053748,-0.3153411264365194,-0.8115660678701075
226,1979,-0.22664126862104877,-1.1051173225877673,1.0968559010651278,-1.24888746973528,-0.8403093599452897,0.3058406504525733,-0.8099956141617504
227,1979,-0.3382269898007641,-1.5143501877781191,1.9371161877128924,-1.24888746973528,-0.9385333336128432,-0.0992778996924872,-0.8084251604533933
228,1980,-0.395527765541699,-1.0369118450560435,0.8447778150707889,-1.1938069126603295,-0.9385333336128432,-0.0992778996924872,-0.8069229873410517
229,1980,-0.2236254383188943,-0.08203515961188976,0.8867908294031867,-1.0652856128187762,-0.9366371179049754,1.5752121075737628,-0.8053525336326947
230,1980,-0.5583826018580402,0.9410470033639877,0.1725695857526155,-0.22071707100285898,-0.8922656703408682,1.3861567841727347,-0.803850360520353
231,1980,-0.5945725654838938,1.6231017786812394,-0.4576256292332079,-0.27579762807780966,-0.547457806022182,1.6292279142597708,-0.8023481874080116
232,1980,-0.8629814623756414,1.7595127337446892,-1.2138598872162245,-0.5144800420692642,-0.716979490305566,1.7642674309747908,-0.8008460142956699
233,1980,-1.4480525409936083,0.12258127298328622,-0.9197687868894879,0.8441736991128661,1.427109534894747,-0.07226999634948301,-0.7993438411833285
234,1980,-1.4932899955259253,0.3271977055784598,-1.0458078298866813,0.3851690568216062,0.5969462979902109,0.710959200597634,-0.7979099486670025
235,1980,-1.1525011713824704,0.054375795451560086,-0.9617818012218857,0.3484486854383049,0.7529669264335759,0.900014523998662,-0.7964760561506764
236,1980,-0.7272690987786904,-0.2184461146753396,-0.49963864356560567,0.9726949989544168,1.4833892171042642,0.11678532705154501,-0.7950421636343504
237,1980,-0.4618760321890973,-0.2866515922070657,0.13055657142021773,1.2480977843291727,1.5121358472355406,-0.4233727398085356,-0.7936082711180242
238,1980,-0.0848972444197888,-0.6276789798656915,0.7607517864060411,0.054685714371896954,-0.7401133219415535,-0.3153411264365194,-0.7921743786016981
239,1980,0.02970430706208098,-1.1733228001194933,1.01282987240038,-1.2121670983519788,-0.9385333336128432,-0.1532937063784953,-0.7907404860853722
240,1981,-0.27791038375767474,-1.9235830529684685,1.6850381017185534,-1.5426504408016855,-0.9385333336128432,-0.07226999634948301,-0.7893748741650616
241,1981,-0.4136227473546258,-0.42306254727051557,0.7607517864060411,-0.312517999461111,-0.8576028472010443,0.7649750072836419,-0.7880092622447511
242,1981,-0.38949610493739006,0.6000196157053619,0.7187387720736433,-0.05547539977800438,-0.9385333336128432,1.4941883975447505,-0.7866436503244406
243,1981,-0.4498127109804794,0.8728415258322616,-0.037495485909325624,0.017965342988598247,0.23279703345127287,0.8459987173126542,-0.78527803840413
244,1981,-0.5583826018580402,0.3271977055784598,-0.7937297438923423,1.0828561131043206,2.1497952654773345,0.1437932303945492,-0.7839124264838195
245,1981,-0.9052030866058041,0.19078675051500993,-1.1718468728838267,0.6422116565047101,-0.16222262281175362,0.7379671039406379,-0.7826150951595245
246,1981,-0.7423482502894627,0.12258127298328622,-1.2138598872162245,0.4586097995882062,0.3349651357911915,0.6299354905686217,-0.7813177638352296
247,1981,-0.9323455593251943,-0.08203515961188976,-1.1718468728838267,0.6422116565047101,0.06888814766317752,0.8189908139696497,-0.7800204325109346
248,1981,-0.81472817754117,-0.15024063714361588,-0.4576256292332079,0.9910551846460687,0.4022428691063422,-0.23431741640750736,-0.7787231011866396
249,1981,-0.8448864805627146,-0.2866515922070657,-0.037495485909325624,0.8992542561878167,0.26177120946749327,-0.1532937063784953,-0.7774940504583603
250,1981,0.4157305857378529,-1.1051173225877673,0.5086737004117022,1.02777555602937,0.2674598565910967,-0.39636483646553144,-0.7761967191340653
251,1981,0.44287305845724306,-2.6738433058174462,2.399259345369172,-1.3590485838851816,-0.9385333336128432,0.08977742370854107,-0.7749676684057856
252,1982,0.20160663428488565,-2.059994008031921,1.6010120730538056,-1.3774087695768333,-0.9385333336128432,-0.28833322309351544,-0.7737386176775063
253,1982,0.25589157972366605,-0.2866515922070657,0.5926997290764977,0.3851690568216062,-0.1101146151595456,1.1700935574287024,-0.7725095669492267
254,1982,-0.05172311109608965,0.25899222804673605,0.08854355708781994,0.4218894282049049,0.3907138776025057,1.6562358176027752,-0.7713487968169629
255,1982,0.09605257370947927,0.46360866064191203,-0.037495485909325624,0.036325528680247604,0.9841535455368219,0.17080113373755312,-0.7701880266846989
256,1982,-0.2236254383188943,0.8728415258322616,-0.667690700895149,0.31172831405500356,0.8416339729334756,0.44088016716759343,-0.7689589759564194
257,1982,-0.4769551836998696,0.19078675051500993,-0.7937297438923423,0.8074533277295648,0.5315647803829281,0.7379671039406379,-0.7678664864201712
258,1982,-0.4106069170524713,-0.15024063714361588,-1.2138598872162245,0.6789320278880114,0.5506786347182359,0.8189908139696497,-0.7667057162879072
259,1982,-0.5131451473257232,-0.42306254727051557,-0.7937297438923423,0.9726949989544168,0.8050749340857839,0.5759196838826136,-0.7656132267516588
260,1982,-0.38949610493739006,-0.5594735023339654,-0.2895735719036645,1.3398987127874247,0.6084752894940474,0.11678532705154501,-0.7644524566193948
261,1982,0.03875179796854438,-0.3548570697387919,0.5086737004117022,1.4133394555540273,1.2191325960558035,-0.6664438698955718,-0.7633599670831464
262,1982,0.2589074100258205,-0.013829682080166047,0.6767257577412455,0.2933681283633542,-0.6804204514578742,-0.4773885464945436,-0.7623357581429134
263,1982,0.33128733727752774,-3.0148706934760723,1.8530901590481446,-0.9551244986688748,-0.711139145925333,-0.5314043531805516,-0.7612432686066651
264,1983,0.21668578579565798,-1.9235830529684685,2.1051682450424356,-0.9918448700521736,-0.9366371179049754,0.035761617022532964,-0.7602190596664322
265,1983,0.03875179796854438,-0.3548570697387919,1.1388689153975255,0.1648468285218009,-0.9385333336128432,1.6562358176027752,-0.7591948507261993
266,1983,0.06589427068793459,0.3954031831101859,0.5926997290764977,-0.03711521408635503,-0.7189515546417485,1.872299044346807,-0.7581706417859664
267,1983,-0.06981809290901646,1.5548963011495132,-0.4156126149008579,-0.14727632823625636,-0.9385333336128432,2.4664729178928964,-0.7571464328457335
268,1983,-0.28695787466413814,1.6231017786812394,-0.7937297438923423,-0.4226791136110123,-0.5975937493382073,1.3861567841727347,-0.7561905045015161
269,1983,-0.6488575109226743,0.7364305707688117,-0.9617818012218857,0.2566477569800529,0.3156237355709396,1.08906984739969,-0.7552345761572989
270,1983,-0.7574274018002352,0.46360866064191203,-1.0458078298866813,0.4035292425132555,0.8109911270943315,0.6029275872256178,-0.7542786478130814
271,1983,-0.2236254383188943,-0.2184461146753396,-0.9197687868894879,1.4133394555540273,3.0109047427342737,0.33284855379557743,-0.7533910000648796
272,1983,-0.1512455110671871,-0.42306254727051557,-0.4576256292332079,1.670382055237134,2.8183250754432168,-0.45038064315153953,-0.7524350717206623
273,1983,0.1292267070331784,-0.8322954124608675,-0.3735996005684601,1.9090644692285885,2.752943557835934,-0.3693569331225275,-0.7515474239724603
274,1983,0.6147753856800477,-1.855377575436745,1.6850381017185534,0.3851690568216062,0.07662470775127835,-0.28833322309351544,-0.7506597762242587
275,1983,0.6449336887015924,-1.855377575436745,1.6850381017185534,-0.9000439415939215,-0.900002230428969,0.17080113373755312,-0.7498404090720723
276,1984,0.500173834198178,-1.9235830529684685,1.01282987240038,-0.6797217132941189,-0.8672356229970127,-0.20730951306450318,-0.7489527613238705
277,1984,0.5574746099391128,-0.2184461146753396,0.21458260008496552,-0.294157813769459,-0.8403093599452897,0.6029275872256178,-0.7481333941716841
278,1984,0.3493823190904546,0.25899222804673605,0.08854355708781994,-0.385958742227711,-0.703478434465547,1.2241093641147103,-0.7473140270194979
279,1984,-0.039659789887471784,1.2138689134908873,-0.8357427582247401,-0.0921957711613057,-0.5339567501821629,1.0350540407136821,-0.746562940463327
280,1984,-0.16330883227580495,0.8728415258322616,-1.1718468728838267,-0.05547539977800438,0.4620874368466508,0.38686436048158535,-0.7457435733111408
281,1984,-0.5342559594408045,0.054375795451560086,-1.633990030540107,0.3851690568216062,0.06524741350407136,1.1160777507426944,-0.74499248675497
282,1984,-0.4106069170524713,-0.013829682080166047,-1.0458078298866813,0.3851690568216062,0.8725802132858788,0.7919829106266458,-0.7442414001987991
283,1984,-0.4618760321890973,0.12258127298328622,-1.5919770162077092,-0.018755028394703065,-0.2354165491354518,1.3591488808297303,-0.743558594238644
284,1984,-0.25076791103828455,-0.4912680248022417,-0.4156126149008579,1.193017227254222,1.3714366417117476,-0.07226999634948301,-0.7428075076824731
285,1984,-0.16330883227580495,-0.7640899349291413,0.2986086287497611,0.6605718421963621,1.5005310071033893,-0.45038064315153953,-0.7421247017223179
286,1984,0.32223984637106434,-0.6958844573974177,0.9708168580679822,-0.4961198563776149,-0.745801969065157,0.06276952036553714,-0.7415101763581781
287,1984,0.31319235546460095,-1.3779392327146693,0.7607517864060411,-1.2856078411185814,-0.9385333336128432,0.035761617022532964,-0.7408273703980229
288,1985,0.3252556766732188,-0.9687063675243174,1.2649079583946712,-0.6246411562191656,-0.7940416966733146,-0.12628580303549114,-0.7402128450338831
289,1985,0.20763829488919458,0.12258127298328622,-0.8777557725570901,-0.3492383708444097,-0.9385333336128432,1.1971014607717063,-0.7395983196697434
290,1985,0.47001553117663325,0.7364305707688117,0.21458260008496552,-0.9367643129772228,-0.900002230428969,1.3051330741437226,-0.7389837943056038
291,1985,-0.08791307472194326,1.0774579584274375,-1.0878208442190314,-0.569560599144215,-0.4203355049667227,1.0350540407136821,-0.7384375495374795
292,1985,-0.18140381408873177,0.3954031831101859,-1.1718468728838267,0.5871310994297595,0.3368613514990594,0.5219038771966055,-0.7378913047693552
293,1985,-0.582509244275276,0.19078675051500993,-1.381911944545768,0.12812645713849957,0.0998343880155806,1.4941883975447505,-0.737345060001231
294,1985,-0.5704459230666581,-0.42306254727051557,-0.667690700895149,0.3300884997466529,0.11333544385559956,0.6299354905686217,-0.7367988152331069
295,1985,-0.582509244275276,-0.08203515961188976,-1.2978859158809724,0.10976627144685022,0.1093913151832344,0.927022427341666,-0.7363208510609981
296,1985,-0.20251462620381305,-0.4912680248022417,-0.667690700895149,0.9176144418794661,0.7993862869621804,-0.045262093006479084,-0.7358428868888897
297,1985,0.12319504642886948,-0.8322954124608675,0.13055657142021773,1.303178341404126,1.9936987884056545,-0.6394359665525678,-0.7353649227167809
298,1985,0.3735089615076903,-0.5594735023339654,0.6347127434088478,0.2566477569800529,-0.8017782567614153,-0.4773885464945436,-0.7349552391406877
299,1985,0.34033482818399113,-1.9235830529684685,1.3909470013918646,-1.8364134118680933,-0.8325727998571889,-0.12628580303549114,-0.7345455555645947
300,1986,0.1955749736805767,-2.4010213956905466,1.51698604438901,-1.9649347117096454,-0.9385333336128432,0.035761617022532964,-0.7178168095407907
301,1986,0.08097342219870693,-0.6958844573974177,0.8027648007384389,-0.40431892791936297,-0.8922656703408682,1.1700935574287024,-0.7113301529193158
302,1986,0.02367264645777204,-0.2184461146753396,0.08854355708781994,-1.4508495123434335,-0.9385333336128432,1.7372595276317868,-0.7047752157018254
303,1986,-0.19045130499519516,0.9410470033639877,-0.24756055757126674,-0.36759855653606166,-0.6669193956178552,1.1430856540856984,-0.6982202784843349
304,1986,-0.09092890502409773,0.46360866064191203,-1.2978859158809724,-0.11055595685295505,2.899103864598386,1.1971014607717063,-0.6917336218628599
305,1986,-0.253783741340439,0.6000196157053619,-1.5499640018753114,-0.312517999461111,-0.39333339328668476,1.4401725908587426,-0.6851786846453695
306,1986,-0.4709235230955607,-0.2184461146753396,-0.7937297438923423,0.4586097995882062,0.24060944216768834,0.6299354905686217,-0.6786920280238945
307,1986,-0.582509244275276,0.12258127298328622,-1.4659379732105635,-0.128916142544607,0.5293651701618015,0.7919829106266458,-0.6721370908064042
308,1986,-0.23870458982966666,-0.2866515922070657,-0.3315865862360623,0.8258135134212141,1.0169960015970927,-0.12628580303549114,-0.6656504341849292
309,1986,0.011609325249154171,-0.4912680248022417,0.5506867147441,1.3215385270957754,2.2901910764878686,-0.5043964498375476,-0.6590954969674387
310,1986,0.28604988274521076,-0.9687063675243174,1.05484288673273,-0.569560599144215,0.07867262071577567,-0.45038064315153953,-0.6526088403459638
311,1986,0.2770023918387473,-1.7189666203732952,2.021142216377688,-0.7348022703690695,-0.8594990629089121,-0.28833322309351544,-0.6460539031284733
312,1987,0.47604719178094224,-1.3779392327146693,1.9791292020452902,-1.9465745260179947,-0.9307967735247425,0.06276952036553714,-0.6450296941882404
313,1987,0.46096804027016985,-0.5594735023339654,1.7270511160509512,-0.8266031988273216,-0.9385333336128432,1.4671804942017466,-0.633148870481539
314,1987,0.047799288875007784,0.25899222804673605,0.5086737004117022,-0.9734846843605242,-0.628388292433981,1.3861567841727347,-0.621336327370853
315,1987,-0.03664395958531731,1.2138689134908873,0.08854355708781994,-0.8266031988273216,-0.5185594786342762,0.900014523998662,-0.6095237842601672
316,1987,-0.18441964439088623,1.0774579584274375,-0.2895735719036645,-0.11055595685295505,0.1712079472597257,0.3058406504525733,-0.5978478023415122
317,1987,-0.2356887595275122,0.7364305707688117,-1.1298338585514291,0.31172831405500356,0.816679774217935,0.7919829106266458,-0.5861718204228574
318,1987,-0.6458416806205198,0.8046360483005378,-0.7097037152275468,-0.9184041272855735,-0.28145666652248275,0.9540303306846699,-0.574564119100218
319,1987,-0.4799710140020241,0.7364305707688117,-0.8357427582247401,-0.44103929930266167,-0.5589109488977037,0.927022427341666,-0.5630246983735941
320,1987,-0.5252084685343411,-0.2184461146753396,-0.16353452890651896,0.9176144418794661,2.3192411011324037,-0.3693569331225275,-0.5515535582429858
321,1987,0.11716338582456054,-0.2184461146753396,0.46666068607930444,1.02777555602937,0.2290046020355372,-0.5043964498375476,-0.5400824181123776
322,1987,0.2890657130473652,-0.42306254727051557,0.42464767174690665,0.8625338848045154,0.3002264640230528,-0.4233727398085356,-0.5287478391738003
323,1987,0.6087437250757388,-2.7420487833491727,2.44127235970157,-2.350498611234304,-0.9385333336128432,-0.018254189663475147,-0.517413260235223
324,1988,0.635886197795129,-0.8322954124608675,1.0968559010651278,-1.7262522977181907,-0.9385333336128432,0.008753713679529028,-0.5060786812966457
325,1988,0.5273163069175681,-0.08203515961188976,0.7607517864060411,-0.14727632823625636,-0.19491338161539493,0.49489597385360157,-0.4948806635500995
326,1988,0.2528757494215116,1.0092524808957113,-0.3735996005684601,-0.6613615276024669,-0.9135032862689879,1.7102516242887829,-0.48368264580355336
327,1988,0.33731899788183667,0.9410470033639877,-0.0795085002417234,0.054685714371896954,0.1326768440758513,0.5489117805396097,-0.4725529086530227
328,1988,0.011609325249154171,0.3271977055784598,-0.8357427582247401,0.935974627571118,1.5602238775870687,0.3058406504525733,-0.46149145209850756
329,1988,-0.28695787466413814,0.5318141381736358,-1.0458078298866813,-0.294157813769459,-0.12945601537979745,0.873006620655658,-0.4504982761400079
330,1988,-0.2628312322469024,0.19078675051500993,-1.0037948155542835,0.18320701421345026,0.39291348782363233,0.41387226382458947,-0.4395051001815083
331,1988,-0.0064856565637726364,-0.2184461146753396,-0.7517167295599446,1.02777555602937,1.4908982313074208,-0.20730951306450318,-0.42858020481902415
332,1988,-0.1783879837865773,-0.15024063714361588,-0.8357427582247401,1.1562968558709208,2.6083760722680904,-0.3423490297795233,-0.41772359005255555
333,1988,0.011609325249154171,-0.7640899349291413,-0.625677686562799,0.9543348132627674,2.122717305168982,-0.3423490297795233,-0.4069352558821025
334,1988,0.4971580038960235,-1.7189666203732952,1.3489339870594668,-1.5977309978766387,-0.9019742947651516,0.7649750072836419,-0.39614692171164956
335,1988,0.596680403867121,-2.059994008031921,1.9371161877128924,-1.9098541546346945,-0.9385333336128432,0.5219038771966055,-0.385426868137212
336,1989,0.6117595553778933,-0.5594735023339654,0.5086737004117022,0.054685714371896954,-0.7189515546417485,0.3058406504525733,-0.37477509515879
337,1989,0.42779390694647074,-0.6276789798656915,0.8447778150707889,0.18320701421345026,-0.9307967735247425,0.9810382340276743,-0.3641916027763836
338,1989,0.37049313120553584,-0.013829682080166047,0.04653054275542216,-0.1656365139279057,-0.31824325125511865,1.4941883975447505,-0.3536081103939771
339,1989,-0.26886289285121134,1.6231017786812394,-0.7937297438923423,-1.2856078411185814,-0.9231360620649565,1.7642674309747908,-0.34309289860758607
340,1989,-0.3623536322179998,0.8728415258322616,-1.2138598872162245,-0.5328402277609137,0.31372751986307174,1.3591488808297303,-0.3326459674172106
341,1989,-0.4196544079589347,0.25899222804673605,-0.667690700895149,-0.6062809705275163,-0.29131698820339547,1.4671804942017466,-0.32219903622683527
342,1989,-0.23870458982966666,0.3271977055784598,-1.0458078298866813,-0.2574374423861577,0.1866052188076125,0.6839512972546296,-0.3118886662284908
343,1989,-0.3714011231244632,-0.013829682080166047,-1.1718468728838267,-0.2574374423861577,0.4504825967144997,0.9540303306846699,-0.30157829623014654
344,1989,-0.06378643230470753,-0.2184461146753396,-0.5416516578980034,0.5871310994297595,2.1381904253451833,-0.1532937063784953,-0.2912679262318021
345,1989,0.3493823190904546,-0.5594735023339654,0.08854355708781994,0.9543348132627674,1.4657923353352509,-0.3423490297795233,-0.2810941174254888
346,1989,0.6057278947735844,-0.8322954124608675,1.4749730300566122,-0.9918448700521736,-0.6804204514578742,0.008753713679529028,-0.27092030861917554
347,1989,0.3644614706012269,-2.128199485563645,1.8951031733804946,-1.891493968943044,-0.9385333336128432,-0.6394359665525678,-0.2608147804088777
348,1990,0.6962028038382183,-0.4912680248022417,0.9708168580679822,-0.8816837559022722,-0.9307967735247425,-0.23431741640750736,-0.2507092521985799
349,1990,0.6962028038382183,-0.013829682080166047,1.0968559010651278,-0.5144800420692642,-0.9269284934806921,0.873006620655658,-0.2406720045842977
350,1990,0.2136699554935035,0.46360866064191203,0.9288038437355844,-0.6430013419108176,-0.6205758837175654,0.873006620655658,-0.23070303756603083
351,1990,0.032720137364235444,1.5548963011495132,-0.625677686562799,-1.616091183568288,-0.9269284934806921,0.1978090370805573,-0.2208023511437798
352,1990,0.06287844038578012,0.8046360483005378,-1.0878208442190314,-0.128916142544607,0.6104473538302299,-0.12628580303549114,-0.21090166472152846
353,1990,-0.35933780191584536,0.7364305707688117,-1.2138598872162245,-0.6797217132941189,-0.5570147331898359,-0.045262093006479084,-0.20106925889529279
354,1990,-0.5402876200451134,0.054375795451560086,-0.9197687868894879,-0.312517999461111,0.3581748160554938,-0.26132531975051126,-0.19130513366507262
355,1990,-0.5101293170235688,0.25899222804673605,-0.9617818012218857,-0.477759670685963,0.19623799460358116,0.1437932303945492,-0.18154100843485246
356,1990,0.002561834342690767,-0.2184461146753396,-0.4576256292332079,0.5320505423548089,0.9763411368204065,-0.45038064315153953,-0.17191344439666337
357,1990,0.15335334945041415,-0.4912680248022417,0.2986086287497611,0.6789320278880114,2.0552878745972016,-0.39636483646553144,-0.16221759976245873
358,1990,0.18351165247195883,-0.8322954124608675,0.8867908294031867,-0.477759670685963,-0.7611992406130438,-0.4233727398085356,-0.15265831632028512
359,1990,0.6057278947735844,-1.309733755182943,1.8110771447157468,-1.7813328547931413,-0.9385333336128432,-0.3153411264365194,-0.14309903287811154
360,1991,0.4217622463421618,-0.3548570697387919,1.0968559010651278,-0.7898828274440203,-0.9153995019768557,-0.4233727398085356,-0.13360803003195346
361,1991,0.3011290342559831,-0.2866515922070657,1.05484288673273,-1.4692096980350855,-0.48966115124637044,0.4678880705105976,-0.12411702718579537
362,1991,0.6027120644714299,0.9410470033639877,0.21458260008496552,-0.312517999461111,-0.8846049588810821,1.6022200109167668,-0.11469430493565282
363,1991,0.25589157972366605,1.2138689134908873,-0.2895735719036645,-0.587920784835867,-0.5281922544302449,0.9810382340276743,-0.10533986328152577
364,1991,0.21668578579565798,1.1456634359591638,-0.4156126149008579,-0.3308781851527603,0.3753924546829336,0.41387226382458947,-0.09605370222341439
365,1991,-0.3080686867792194,0.6000196157053619,-0.7517167295599446,-0.3492383708444097,-0.11580326228314909,0.33284855379557743,-0.08676754116530287
366,1991,-0.3291794988943007,0.25899222804673605,-1.1298338585514291,-0.27579762807780966,0.24455357084005327,0.1978090370805573,-0.07754966070320686
367,1991,0.005577664644845235,-0.15024063714361588,-1.0458078298866813,0.3484486854383049,0.03809360456740394,0.27883274710956935,-0.06833178024111086
368,1991,0.02668847675992651,-0.15024063714361588,-0.4156126149008579,0.6605718421963621,1.2095756688881494,-0.5314043531805516,-0.059182180375030514
369,1991,0.5182688160111047,-0.6958844573974177,0.1725695857526155,0.752372770654614,1.652683355502704,-0.5314043531805516,-0.05010086110496555
370,1991,0.7535035795791533,-0.7640899349291413,1.6010120730538056,-0.8633235702106229,-0.9307967735247425,-0.5854201598665597,-0.04108782243091624
371,1991,0.6147753856800477,-0.2184461146753396,1.1388689153975255,-0.4226791136110123,-0.9385333336128432,-0.7204596765815798,-0.032074783756866794
372,1992,0.5514429493348039,-2.128199485563645,2.3572463310367744,-0.9000439415939215,-0.8749721830851136,-0.45038064315153953,-0.02306174508281734
373,1992,0.43684139785293413,-0.5594735023339654,1.01282987240038,-0.4961198563776149,-0.8402335113169749,-0.20730951306450318,-0.014185267600799075
374,1992,0.4066830948313894,0.6000196157053619,0.46666068607930444,-0.587920784835867,-0.9385333336128432,0.38686436048158535,-0.005308790118780811
375,1992,0.2589074100258205,1.964129166339865,-0.5416516578980034,-1.2305272840436308,-0.9385333336128432,0.08977742370854107,0.0035676873632376057
376,1992,0.011609325249154171,1.8277182112764152,-1.0037948155542835,-0.9367643129772228,-0.33553673851087323,-0.39636483646553144,0.012307603653224834
377,1992,-0.31108451708137386,0.8046360483005378,-1.381911944545768,-0.018755028394703065,0.14617789991587027,-0.3693569331225275,0.021047519943212214
378,1992,-0.27791038375767474,0.3271977055784598,-0.7097037152275468,0.1648468285218009,0.6604315998896259,-0.3423490297795233,0.029787436233199443
379,1992,-0.42568606856324365,-0.08203515961188976,-1.0037948155542835,0.4402496138965568,0.9224886107169601,-0.4773885464945436,0.0384590719271713
380,1992,-0.17537215348442284,-0.08203515961188976,-0.625677686562799,0.4218894282049049,1.9512235565494154,-0.5043964498375476,0.0470624270251275
381,1992,0.3162081857667554,-1.1733228001194933,0.42464767174690665,1.02777555602937,1.3426141629521564,-0.3153411264365194,0.05559750152706802
382,1992,0.6720761614209826,-1.5143501877781191,1.6430250873862033,-1.7813328547931413,-0.8441017913610253,0.25182484376656517,0.06413257602900885
383,1992,0.4790630220830967,-1.446144710246393,1.8951031733804946,-1.5610106264933374,-0.8480459200333903,-0.28833322309351544,0.07266765053094967
384,1993,0.7565194098813077,-1.582555665309843,1.4749730300566122,-0.8449633845189709,0.38692144618677005,-0.5584122565235556,0.08113444443687483
385,1993,0.39461977362277156,-0.9687063675243174,1.51698604438901,-1.0652856128187762,-0.9385333336128432,-0.3153411264365194,0.08953295774678431
386,1993,0.48509468268740563,0.19078675051500993,0.7187387720736433,0.07304590006354891,-0.34698988138639497,0.38686436048158535,0.09786319046067843
387,1993,0.2438282585150482,1.0092524808957113,0.13055657142021773,-0.22071707100285898,-0.6033582450901256,0.22481694042356123,0.10619342317457256
388,1993,0.0930367434073248,1.1456634359591638,-0.4156126149008579,0.036325528680247604,0.20200249035549928,-0.23431741640750736,0.11445537529245131
389,1993,-0.3291794988943007,0.8728415258322616,-0.7937297438923423,-0.22071707100285898,0.2058707703995496,-0.3693569331225275,0.12271732741032976
390,1993,-0.299021195872756,0.8046360483005378,-1.1718468728838267,-0.4961198563776149,-0.008022361447941568,-0.12628580303549114,0.13091099893219285
391,1993,0.0930367434073248,-0.3548570697387919,-0.3735996005684601,0.8441736991128661,1.6721006043512707,-0.39636483646553144,0.13910467045405592
392,1993,0.032720137364235444,-0.42306254727051557,-0.20554754323891675,1.119576484487622,2.074705123445768,-0.8554991932966001,0.14723006137990363
393,1993,0.48509468268740563,-0.6276789798656915,0.9708168580679822,0.8808940704961647,2.531086320015398,-0.5854201598665597,0.1552871717097357
394,1993,0.635886197795129,-0.6276789798656915,0.8027648007384389,-1.1203661698937268,-0.5089267028383077,-0.45038064315153953,0.16334428203956744
395,1993,0.635886197795129,-2.196404963095371,1.7270511160509512,-2.1301763829344984,-0.5570905818181506,-0.18030160972149925,0.17133311177338412
396,1994,0.6781078220252915,-1.0369118450560435,1.05484288673273,-0.9184041272855735,-0.5589867975260184,-0.7474675799245839,0.1793219415072008
397,1994,0.44588888875939753,0.3271977055784598,0.2565956144173633,-0.36759855653606166,-0.5513260860662323,0.11678532705154501,0.1872424906450015
398,1994,0.7746143916942345,0.19078675051500993,0.8447778150707889,-0.27579762807780966,-0.6707876756619057,0.3598564571385814,0.19509475918678684
399,1994,0.35239814939260905,1.4866908236177894,-0.3735996005684601,-0.6797217132941189,0.6258446253781167,-0.0992778996924872,0.20294702772857248
400,1994,-0.012517317168081571,0.6682250932370856,-0.9197687868894879,0.5136903566631569,2.9569763680025125,-0.5584122565235556,0.21073101567434246
401,1994,0.035735967666389916,0.19078675051500993,-1.381911944545768,0.7890931420379128,0.40057419928341853,-0.23431741640750736,0.21851500362011214
402,1994,0.1865274827741133,-0.013829682080166047,-1.2978859158809724,0.6422116565047101,0.8301808300579541,-0.3153411264365194,0.22623071096986674
403,1994,0.06287844038578012,-0.2866515922070657,-0.7517167295599446,0.8808940704961647,2.0725813618529565,-0.3693569331225275,0.23394641831962104
404,1994,0.14430585854395075,-0.2184461146753396,-0.3315865862360623,1.0461357417210193,1.8339615771748685,-0.6664438698955718,0.24159384507336
405,1994,0.6117595553778933,-0.9005008899925913,0.9708168580679822,-0.0003948427030537134,0.3350409844195062,-0.774475483267588,0.24917299123108325
406,1994,0.6268387068886656,-0.42306254727051557,1.51698604438901,-1.616091183568288,-0.9077387905170696,-0.4773885464945436,0.25675213738880653
407,1994,0.6449336887015924,-1.1051173225877673,1.5589990587214078,-1.5242902551100361,-0.8922656703408682,-0.774475483267588,0.2643312835465301
408,1996,0.9796908522407384,-0.6958844573974177,1.01282987240038,-1.8180532261764426,-0.9366371179049754,-0.23431741640750736,0.35896818962404853
409,1996,1.1154032158376894,-0.6958844573974177,1.1388689153975255,-2.295418054159353,-0.8287045198131385,0.17080113373755312,0.36600109101364764
410,1996,0.7354085977662265,0.8728415258322616,0.004517528423024388,-0.7715226417523708,-0.9192677820209061,0.3598564571385814,0.3729657118072314
411,1996,0.24985991911935712,1.4866908236177894,-0.4576256292332079,-0.8082430131356696,0.4293966780430094,0.17080113373755312,0.3799303326008149
412,1996,0.4127147554356984,0.8728415258322616,-0.5836646722304012,-0.0003948427030537134,1.5332976145353454,-0.18030160972149925,0.3868949533943986
413,1996,0.25589157972366605,0.8728415258322616,-0.625677686562799,-0.27579762807780966,0.18068902579906485,-0.28833322309351544,0.3937912935919667
414,1996,0.4127147554356984,0.19078675051500993,-1.0037948155542835,0.4035292425132555,1.1114275438489105,-0.18030160972149925,0.4006193531935191
415,1996,0.21065412519134905,0.5318141381736358,-0.7097037152275468,-0.07383558546965373,-0.23731276484331962,-0.23431741640750736,0.40744741279507185
416,1996,0.37954062211199924,-0.2866515922070657,-1.1718468728838267,1.211377412945874,1.7491628107190194,-0.5043964498375476,0.4142071918006089
417,1996,0.8439784886437873,0.19078675051500993,0.1725695857526155,-0.05547539977800438,0.5565948277267835,-0.5314043531805516,0.4209669708061459
418,1996,0.9073109249890311,-0.08203515961188976,0.3826346574145566,-0.7898828274440203,0.36765589459483294,-0.3153411264365194,0.4277267498116827
419,1996,0.868105131061023,-1.5143501877781191,1.6010120730538056,-2.5524606538424583,-0.9385333336128432,-0.23431741640750736,0.4344182482212044
420,1997,0.9374692280105758,-1.0369118450560435,1.5589990587214078,-1.8364134118680933,-0.9385333336128432,-0.28833322309351544,0.4410414660347104
421,1997,0.9374692280105758,0.3954031831101859,0.5506867147441,-1.616091183568288,-0.6418134996456851,0.1978090370805573,0.4476646838482164
422,1997,0.8469943189459418,0.8728415258322616,0.8447778150707889,-0.8633235702106229,-0.8479700714050757,0.3058406504525733,0.45428790166172245
423,1997,0.5454112887304949,1.2820743910226136,0.3826346574145566,-1.3039680268102307,-0.5127191342540433,-0.3153411264365194,0.4608428388792128
424,1997,0.5152529857089503,1.8277182112764152,-0.7937297438923423,-1.4692096980350855,-0.2969297866986842,-0.0992778996924872,0.46732949550068775
425,1997,0.2136699554935035,1.691307256212963,-0.7517167295599446,-1.8731337832513932,-0.6110948051782263,-0.12628580303549114,0.4738161521221627
426,1997,0.5755695917520397,0.8728415258322616,-0.8777557725570901,-0.9734846843605242,-0.6263403794694837,-0.1532937063784953,0.48030280874363773
427,1997,0.18351165247195883,0.7364305707688117,-0.7937297438923423,-0.7348022703690695,-0.20082957462394255,-0.1532937063784953,0.48672118476909704
428,1997,0.5152529857089503,0.25899222804673605,0.46666068607930444,0.27500794267170225,1.806656070981572,-0.7474675799245839,0.49313956079455634
429,1997,0.8771526219674864,0.3271977055784598,1.2228949440623211,0.18320701421345026,0.724144447673985,-1.0175466133546243,0.49948965622400027
430,1997,0.816836015924397,0.46360866064191203,1.3909470013918646,-1.1020059842020775,-0.6938456586695785,-0.9095149999826081,0.5058397516534442
431,1997,1.0581024400967545,0.3954031831101859,1.6010120730538056,-1.8364134118680933,-0.9385333336128432,-0.8014833866105919,0.5121215664868725
432,1998,1.0581024400967545,0.5318141381736358,1.2649079583946712,-1.0652856128187762,-0.5975179007098926,-0.828491289953596,0.5184033813203007
433,1998,0.9314375674062668,1.0774579584274375,1.2228949440623211,0.3300884997466529,-0.6206517323458802,-0.23431741640750736,0.5246851961537293
434,1998,0.10510006461594266,1.6231017786812394,0.5086737004117022,-0.5328402277609137,-0.9307967735247425,-0.20730951306450318,0.530898730391142
435,1998,0.6841394826296004,2.168745598935041,0.004517528423024388,-0.3308781851527603,-0.3566985058106783,-0.3153411264365194,0.5370439840325395
436,1998,0.7685827310899256,2.100540121403315,-0.7097037152275468,-0.5144800420692642,1.6970548030668113,-0.4773885464945436,0.5431892376739367
437,1998,0.42779390694647074,1.4184853460860634,-1.1298338585514291,-0.312517999461111,0.7837614695293496,-0.12628580303549114,0.549334491315334
438,1998,0.24985991911935712,1.0092524808957113,-0.8357427582247401,0.3484486854383049,1.2288412204800867,-0.45038064315153953,0.5554114643607159
439,1998,0.34033482818399113,0.5318141381736358,-0.4576256292332079,0.5871310994297595,2.6331785737270015,-0.3693569331225275,0.5614884374060977
440,1998,0.38858811301846263,-0.013829682080166047,-0.5836646722304012,1.5785811267788818,3.5213660112922933,-0.5584122565235556,0.5674971298554639
441,1998,0.6781078220252915,0.46360866064191203,-0.16353452890651896,0.7156523992713127,0.8144801639968084,-0.6394359665525678,0.57350582230483
442,1998,0.7233452765576086,-0.15024063714361588,0.2565956144173633,-0.22071707100285898,-0.8133072482652517,-0.4773885464945436,0.5795145147541962
443,1998,0.9646117007299659,-0.9687063675243174,1.2649079583946712,-0.9551244986688748,-0.9385333336128432,-0.5854201598665597,0.5854549266075472
444,1999,1.1666723309743152,-0.42306254727051557,0.5086737004117022,-0.4593994849943136,-0.9385333336128432,-0.6124280632095638,0.5913953384608976
445,1999,1.094292403722608,0.054375795451560086,1.2228949440623211,0.23828757128840092,-0.9385333336128432,-0.45038064315153953,0.5972674697182331
446,1999,0.874136791665332,1.3502798685543371,-1.0878208442190314,-1.0836457985104255,-0.9385333336128432,0.11678532705154501,0.6031396009755683
447,1999,0.5725537614498851,0.8728415258322616,-0.8777557725570901,0.4402496138965568,-0.9385333336128432,-0.4233727398085356,0.6089434516368878
448,1999,0.5273163069175681,0.19078675051500993,-0.7097037152275468,1.211377412945874,-0.9385333336128432,-0.5314043531805516,0.6147473022982076
449,1999,0.39461977362277156,0.5318141381736358,-1.0037948155542835,0.3851690568216062,-0.9385333336128432,-0.23431741640750736,0.6205511529595273
450,1999,-0.045691450491780715,0.8046360483005378,-1.5079509875429136,-0.294157813769459,-0.9385333336128432,-0.045262093006479084,0.6262867230248315
451,1999,0.4971580038960235,0.3954031831101859,-0.667690700895149,0.12812645713849957,-0.9385333336128432,-0.4233727398085356,0.6320222930901357
452,1999,0.5996962341692754,0.054375795451560086,-0.625677686562799,0.752372770654614,-0.9385333336128432,-0.5043964498375476,0.6376895825594241
453,1999,1.1123873855355348,-0.2866515922070657,0.04653054275542216,0.9910551846460687,1.3057517295912058,-0.45038064315153953,0.6433568720287128
454,1999,1.1123873855355348,-0.42306254727051557,0.5086737004117022,-0.4961198563776149,-0.5878851249139242,-0.6124280632095638,0.6490241614980014
455,1999,1.145561518859234,-2.60563782828572,1.6850381017185534,-2.938024553367117,-0.9173715663130382,-0.5584122565235556,0.6546231703712744
456,2000,1.1274665370463073,-0.2866515922070657,0.8447778150707889,-1.616091183568288,-0.9385333336128432,-0.3153411264365194,0.6602221792445475
457,2000,1.1365140279527706,-0.2184461146753396,0.34062164308215886,-1.4508495123434335,-0.6302845081418488,-0.4233727398085356,0.6657529075218053
458,2000,1.0188966461687463,0.9410470033639877,-0.20554754323891675,-1.1020059842020775,-0.3394808671832383,-0.018254189663475147,0.6712836357990627
459,2000,0.6871553129317549,0.8046360483005378,-0.7097037152275468,0.6789320278880114,0.7856576852372174,-0.28833322309351544,0.6768143640763203
460,2000,0.38858811301846263,1.0774579584274375,-1.0037948155542835,0.036325528680247604,0.5988425136980787,-0.4233727398085356,0.6822768117575624
461,2000,0.31319235546460095,0.3954031831101859,-1.0458078298866813,0.6238514708130608,0.5603872591425192,-0.4773885464945436,0.6877392594388045
462,2000,0.49112634329171456,0.3271977055784598,-1.5079509875429136,0.14648664283014892,0.3829773175144049,-0.26132531975051126,0.6932017071200466
463,2000,-0.12108720804564241,0.3954031831101859,-1.2138598872162245,0.09140608575519826,0.5487065703820534,-0.3423490297795233,0.6985958742052729
464,2000,1.0068333249601285,0.054375795451560086,-0.3735996005684601,0.5320505423548089,0.19608629734695165,-0.5854201598665597,0.7039900412904996
465,2000,0.7414402583705354,-0.013829682080166047,-0.3735996005684601,1.1012162987959702,0.9629159296087021,-0.882507096639604,0.7093159277797106
466,2000,1.3627013006143558,-0.42306254727051557,0.5506867147441,-1.9649347117096454,-0.9270043421090068,-0.7204596765815798,0.7146418142689217
468,2001,1.2631789006432583,0.19078675051500993,0.34062164308215886,-0.9734846843605242,-0.8576028472010443,-0.45038064315153953,0.725225306651328
469,2001,1.2571472400389494,0.6000196157053619,0.13055657142021773,-1.1754467269686775,-0.8557824801214912,-0.3423490297795233,0.7304829125445234
470,2001,0.9766750219385839,0.46360866064191203,-0.037495485909325624,0.3300884997466529,0.06524741350407136,-0.3693569331225275,0.735740518437719
471,2001,0.8952476037804132,2.168745598935041,-0.5416516578980034,-0.4593994849943136,-0.9154753506051704,-0.20730951306450318,0.740929843734899
472,2001,0.6208070462843567,0.7364305707688117,-1.0037948155542835,0.4586097995882062,0.12289237102325336,-0.23431741640750736,0.746119169032079
473,2001,0.21970161609781244,0.6682250932370856,-1.2558729015486223,-0.128916142544607,-0.2392848291795022,-0.0992778996924872,0.751308494329259
474,2001,0.39763560392492603,0.8728415258322616,-1.2978859158809724,-0.40431892791936297,-0.7613509378696732,-0.1532937063784953,0.7564295390304233
475,2001,0.3554139796947635,0.5318141381736358,-1.2558729015486223,-0.2574374423861577,-0.7517940107020193,-0.07226999634948301,0.7615505837315876
476,2001,0.9977858340536652,0.3954031831101859,-0.5416516578980034,0.8625338848045154,0.8511909001011296,-0.6934517732385758,0.7666716284327523
477,2001,0.2136699554935035,-0.15024063714361588,0.08854355708781994,1.48678019832063,1.1806014928719288,-0.936522903325612,0.7717243925379008
478,2001,1.2601630703411038,-1.0369118450560435,1.3489339870594668,-1.7446124834098413,-0.39720167333073503,-0.882507096639604,0.7767771566430501
479,2001,1.1244507067441527,-0.6958844573974177,1.8951031733804946,-1.8547735975597426,-0.8865770232172647,-0.774475483267588,0.7818299207481988
480,2002,1.293337203664803,-0.6276789798656915,1.5589990587214078,-1.799693040484792,-0.9385333336128432,-0.6934517732385758,0.7868144042573321
481,2002,1.2390522582260226,0.46360866064191203,1.4749730300566122,-0.312517999461111,-0.5339567501821629,-0.28833322309351544,0.7917988877664657
482,2002,1.106355724931226,0.8046360483005378,0.2986086287497611,-0.018755028394703065,-0.262342812187175,0.008753713679529028,0.796783371275599
483,2002,0.8922317734782588,1.8277182112764152,-0.3315865862360623,-0.6980818989857682,-0.8632914943246477,-0.1532937063784953,0.8016995741887168
484,2002,0.7474719189748443,0.8728415258322616,-0.8777557725570901,0.6972922135796609,0.23082496911509018,-0.3423490297795233,0.8066157771018347
485,2002,0.30414486455813755,1.0774579584274375,-0.9617818012218857,0.7156523992713127,-0.4029661690826533,-0.45038064315153953,0.8115319800149523
486,2002,0.36144564029907245,1.0774579584274375,-1.1298338585514291,0.4953301709715075,-0.4529504151420493,-0.0992778996924872,0.8164481829280702
487,2002,0.2770023918387473,0.3954031831101859,-0.8357427582247401,-0.128916142544607,0.04598186191213427,-0.23431741640750736,0.8212961052451725
488,2002,0.4639838705723243,0.19078675051500993,-0.3315865862360623,0.4218894282049049,0.7010864646663121,-0.28833322309351544,0.8260757469662594
489,2002,0.7957252038093158,0.19078675051500993,0.34062164308215886,0.27500794267170225,2.151767329813517,-0.882507096639604,0.8309236692833616
490,2002,1.0581024400967545,-0.013829682080166047,0.9288038437355844,-0.27579762807780966,0.3580231187988643,-0.7474675799245839,0.8357033110044485
491,2002,1.073181591607527,0.25899222804673605,1.1808819297299233,-0.7715226417523708,-0.4396769051869745,-0.9095149999826081,0.8404829527255353
492,2003,1.2119097855066323,-0.6276789798656915,1.8110771447157468,-1.24888746973528,-0.9385333336128432,-0.5854201598665597,0.8452625944466222
493,2003,1.0520707794924455,0.5318141381736358,0.9708168580679822,-0.9367643129772228,-0.932768837860925,-0.23431741640750736,0.8499739555716934
494,2003,0.8349309977373238,0.7364305707688117,0.5926997290764977,-0.03711521408635503,0.19221801730290133,-0.3423490297795233,0.8546853166967646
495,2003,0.45192054936370646,2.032334643871589,-0.24756055757126674,-0.8266031988273216,-0.8094389682212014,0.11678532705154501,0.8593966778218358
496,2003,0.4881105129895601,1.5548963011495132,-0.9617818012218857,-0.8266031988273216,0.3580231187988643,-0.045262093006479084,0.864108038946907
497,2003,0.21065412519134905,1.0092524808957113,-0.8777557725570901,-0.44103929930266167,0.4387260593257193,-0.18030160972149925,0.8687511194759628
498,2003,0.307160694860292,0.3954031831101859,-0.667690700895149,0.752372770654614,0.9764928340770357,-0.3693569331225275,0.8733942000050188
499,2003,0.39461977362277156,0.6682250932370856,-1.0037948155542835,0.21992738559675157,2.0746292748174535,-0.18030160972149925,0.8779689999380589
500,2003,0.5423954584283405,-0.08203515961188976,-0.625677686562799,0.8074533277295648,0.6161360009538334,-0.4773885464945436,0.8826120804671147
501,2003,1.073181591607527,0.46360866064191203,0.3826346574145566,-0.1656365139279057,0.03248080607211531,-0.5854201598665597,0.8871868804001549
502,2003,1.1907989733915512,0.9410470033639877,0.8027648007384389,-2.1852569400094506,-0.9385333336128432,-0.6934517732385758,0.891761680333195
503,2003,1.1787356521829333,-0.9687063675243174,1.8530901590481446,-3.029825481825369,-0.9385333336128432,-0.5314043531805516,0.8962681996702199
516,2005,1.1757198218807787,-0.7640899349291413,1.2649079583946712,-1.1754467269686775,-0.9192677820209061,-0.28833322309351544,0.9538970227073236
517,2005,0.9223900764998034,0.6682250932370856,0.9708168580679822,-0.128916142544607,-0.9270043421090068,0.25182484376656517,0.9581987002563016
518,2005,1.0008016643558195,0.8046360483005378,0.9708168580679822,-0.8266031988273216,-0.7690116493294593,0.008753713679529028,0.9625003778052797
519,2005,0.675091991723137,1.7595127337446892,0.2986086287497611,-0.3492383708444097,0.07677640500790785,0.11678532705154501,0.9668020553542578
520,2005,0.21065412519134905,1.7595127337446892,-1.0878208442190314,-0.2574374423861577,1.4348460949828479,-0.018254189663475147,0.9710354523072202
521,2005,0.29509737365167416,1.2138689134908873,-1.4659379732105635,-0.22071707100285898,-0.09873732091233862,0.035761617022532964,0.9753371298561984
522,2005,0.19859080398273118,0.7364305707688117,-0.8777557725570901,-0.23907725669450833,0.26351572791873157,-0.07226999634948301,0.979570526809161
523,2005,0.1684325009611865,0.7364305707688117,-0.9197687868894879,-0.0003948427030537134,0.03824530182403345,-0.28833322309351544,0.9838039237621234
524,2005,0.4157305857378529,0.25899222804673605,-0.5836646722304012,0.7707329563462635,1.7529552421347552,-0.5043964498375476,0.9879690401190705
525,2005,0.35239814939260905,0.25899222804673605,0.3826346574145566,0.27500794267170225,0.5698683376818583,-0.8014833866105919,0.9922024370720333
526,2005,1.0369916279816733,0.25899222804673605,0.2986086287497611,0.3668088711299542,-0.270003523646961,-0.4773885464945436,0.9963675534289803
527,2005,0.9163584158954945,-1.309733755182943,1.2228949440623211,-1.5977309978766387,-0.6437855639818677,-0.7474675799245839,1.0005326697859274
528,2006,0.9766750219385839,-0.3548570697387919,0.8867908294031867,-1.9282143403263452,-0.9250322777728243,-0.774475483267588,1.0046977861428745
529,2006,1.1244507067441527,0.6682250932370856,0.9288038437355844,-1.1387263555853788,-0.6052544607979934,-0.3693569331225275,1.0088629024998215
530,2006,0.958580040125657,1.2820743910226136,0.04653054275542216,-0.8266031988273216,-0.37596405740261535,0.06276952036553714,1.0129597382607531
531,2006,0.7142977856511452,1.6231017786812394,-0.3315865862360623,-0.7898828274440203,-0.655314555485704,-0.1532937063784953,1.0171248546177003
532,2006,0.7957252038093158,1.1456634359591638,-0.4576256292332079,-0.18399669961955767,0.9338659049641671,-0.3423490297795233,1.021221690378632
533,2006,0.5273163069175681,0.6682250932370856,-0.8357427582247401,0.21992738559675157,1.186517685880477,-0.3153411264365194,1.0253185261395634
534,2006,0.6479495190037469,0.6682250932370856,-1.0878208442190314,-0.128916142544607,0.18652937017929785,-0.18030160972149925,1.0294153619004947
535,2006,0.6539811796080558,0.5318141381736358,-1.0878208442190314,-0.4226791136110123,-0.3915130262071316,0.17080113373755312,1.0334439170654108
536,2006,0.868105131061023,0.25899222804673605,-0.2895735719036645,0.6605718421963621,1.5349662843582692,-0.6394359665525678,1.037540752826342
537,2006,1.2541314097367948,0.5318141381736358,0.6347127434088478,0.07304590006354891,1.6200684453273773,-0.8554991932966001,1.0415693079912582
538,2006,1.4501603793768354,1.0092524808957113,0.6347127434088478,-1.5793708121849868,-0.5840926934981885,-0.7204596765815798,1.0455978631561742
539,2006,1.5858727429737864,-0.6958844573974177,1.4749730300566122,-2.534100468150808,-0.9308726221530572,-0.8554991932966001,1.0496264183210902
540,2007,1.157624840067852,-0.4912680248022417,1.769064130383349,-2.3688587969259545,-0.711139145925333,-0.6394359665525678,1.0536549734860063
541,2007,0.8439784886437873,-0.2184461146753396,1.05484288673273,-0.9000439415939215,-0.9385333336128432,-0.28833322309351544,1.0576835286509223
542,2007,1.100324064326917,1.4184853460860634,0.08854355708781994,-0.6062809705275163,-0.8422814242814722,0.27883274710956935,1.061643803219823
543,2007,0.9857225128450473,1.5548963011495132,0.13055657142021773,-0.6613615276024669,0.10188230098007772,0.008753713679529028,1.0656040777887237
544,2007,0.7022344644425272,0.8046360483005378,-0.667690700895149,0.4769699852798582,1.471556831087169,-0.4233727398085356,1.069564352357624
545,2007,0.4730313614787877,1.2820743910226136,-1.3398989302133701,0.12812645713849957,1.2132164030472556,-0.3693569331225275,1.0735246269265244
546,2007,0.3554139796947635,0.3271977055784598,-0.8777557725570901,0.5504107280464582,1.2325578032675077,-0.3423490297795233,1.0774849014954246
547,2007,0.36144564029907245,0.5318141381736358,-1.2138598872162245,0.07304590006354891,0.18266109013524734,-0.1532937063784953,1.0814451760643253
548,2007,0.6569970099102103,0.5318141381736358,-0.8777557725570901,0.3668088711299542,1.0554512561526521,-0.3693569331225275,1.0854054506332256
551,2007,1.230004767319559,0.3954031831101859,0.6767257577412455,-2.3872189826176053,-0.9385333336128432,-1.0715624200406322,1.0970814325518807
552,2008,1.202862294600169,-0.42306254727051557,0.9708168580679822,-2.075095825859548,-0.4684235353182508,-0.9635308066686161,1.1009734265247657
553,2008,1.5165086460242336,-0.3548570697387919,0.9708168580679822,-0.8266031988273216,-0.4125230962503072,-0.9635308066686161,1.1048654204976507
554,2008,1.2119097855066323,0.8046360483005378,0.13055657142021773,-1.3223282125018827,-0.9116070705611201,-0.5043964498375476,1.1087574144705357
555,2008,1.0008016643558195,1.2820743910226136,-0.5416516578980034,-0.4593994849943136,0.43500947653829825,-0.3153411264365194,1.1126494084434206
556,2008,0.8017568644136247,0.6000196157053619,-1.1298338585514291,0.036325528680247604,1.5544593818351504,-0.18030160972149925,1.11647312182029
557,2008,0.6147753856800477,0.6000196157053619,-0.9197687868894879,0.18320701421345026,0.3232085984024109,-0.5314043531805516,1.1203651157931749
558,2008,0.7142977856511452,0.25899222804673605,-0.9197687868894879,0.3851690568216062,0.7895259652812678,-0.7474675799245839,1.1241888291700441
559,2008,0.7746143916942345,0.46360866064191203,-0.8777557725570901,0.10976627144685022,0.4541991795019207,-0.45038064315153953,1.1280125425469139
560,2008,0.6389020280972835,0.054375795451560086,-0.667690700895149,0.5871310994297595,1.5736490847987727,-0.5314043531805516,1.1318362559237831
561,2008,1.1395298582549251,0.12258127298328622,0.08854355708781994,1.009415370337718,2.635226486691499,-0.936522903325612,1.1356599693006528
562,2008,1.4712711914919165,-0.6958844573974177,0.8447778150707889,-0.7715226417523708,-0.59956581367439,-0.8554991932966001,1.139483682677522
563,2008,1.3023846945712665,-1.3779392327146693,1.3909470013918646,-2.0016550830929467,-0.9385333336128432,-0.8014833866105919,1.1433073960543914
564,2009,1.3023846945712665,-1.7871720979050187,1.9791292020452902,-2.295418054159353,-0.9385333336128432,-0.7204596765815798,1.1470628288352454
565,2009,1.0369916279816733,0.5318141381736358,0.2565956144173633,-1.2672476554269294,-0.9385333336128432,-0.45038064315153953,1.150886542212115
566,2009,1.0701657613053723,1.0092524808957113,0.2565956144173633,-0.6613615276024669,-0.7073467145095974,-0.18030160972149925,1.1547102555889843
567,2009,0.874136791665332,1.3502798685543371,-0.4576256292332079,-0.5328402277609137,1.7990712081501006,-0.18030160972149925,1.1584656883698383
568,2009,0.8620734704567141,0.6682250932370856,-0.9197687868894879,0.4402496138965568,2.6025357278878576,-0.8554991932966001,1.162221121150692
569,2009,0.7293769371619175,0.7364305707688117,-1.0037948155542835,0.10976627144685022,0.7663921336452802,-0.3423490297795233,1.165976553931546
570,2009,0.539379628126186,0.3271977055784598,-0.9197687868894879,0.21992738559675157,0.37895734021372507,-0.3423490297795233,1.1697319867123999
571,2009,0.6117595553778933,0.7364305707688117,-0.9197687868894879,0.21992738559675157,1.8046081580170747,-0.5043964498375476,1.1735557000892693
572,2009,0.5574746099391128,0.25899222804673605,-0.667690700895149,0.7890931420379128,1.421496736399458,-0.3693569331225275,1.1772428522741076
573,2009,1.094292403722608,0.054375795451560086,0.04653054275542216,1.119576484487622,1.4156563920192253,-1.0175466133546243,1.1809982850549616
574,2009,1.3807962824272826,-0.2184461146753396,0.9288038437355844,-1.24888746973528,-0.5859130605777415,-0.9095149999826081,1.1847537178358156
575,2009,1.299368864269112,-0.2866515922070657,1.306920972727069,-1.4692096980350855,-0.8826328945448996,-0.8554991932966001,1.1885091506166696
576,2010,1.3234955066863476,-0.3548570697387919,1.5589990587214078,-0.312517999461111,0.10188230098007772,-0.9635308066686161,1.1922645833975234
577,2010,1.2119097855066323,0.7364305707688117,0.8867908294031867,0.09140608575519826,-0.9173715663130382,-0.3423490297795233,1.1959517355823617
578,2010,1.2842897127583395,1.2820743910226136,0.6767257577412455,-1.0102050557438256,-0.8267324554769561,-0.4773885464945436,1.1997071683632157
579,2010,1.1606406703700063,2.168745598935041,0.08854355708781994,-0.753162456060719,-0.7863809852135285,-0.39636483646553144,1.203394320548054
580,2010,0.8922317734782588,1.895923688808139,-1.0037948155542835,0.12812645713849957,1.2462105563641561,-0.5314043531805516,1.207149753328908
581,2010,0.6087437250757388,1.4866908236177894,-0.8777557725570901,0.036325528680247604,0.6413177455543181,-0.6664438698955718,1.2108369055137462
582,2010,0.6177912159822022,0.7364305707688117,-0.7937297438923423,0.8074533277295648,1.9262693578338745,-0.8014833866105919,1.2145240576985847
583,2010,0.7685827310899256,0.19078675051500993,-0.7517167295599446,1.284818155712474,1.672024755722956,-0.936522903325612,1.2182794904794387
584,2010,0.8982634340825677,0.3954031831101859,-0.4576256292332079,1.1562968558709208,2.047551314509101,-1.0175466133546243,1.221966642664277
585,2010,1.1817514824850877,-0.2866515922070657,-0.3315865862360623,1.1379366701792715,1.0208642816411428,-0.9905387100116202,1.2256537948491153
586,2010,1.564761930858705,-0.08203515961188976,0.5506867147441,-1.4692096980350855,-0.7054504988017295,-1.0445545166976282,1.229340947033954
587,2010,1.4592078702832987,-0.5594735023339654,0.1725695857526155,-1.0102050557438256,-0.7478498820296542,-0.9095149999826081,1.2330280992187923
588,2011,1.4953978339091523,-0.9005008899925913,0.9288038437355844,-2.6993421393756614,-0.9366371179049754,-0.882507096639604,1.2367152514036306
589,2011,1.3898437733337459,0.12258127298328622,0.3826346574145566,-0.40431892791936297,-0.763247153577541,-0.774475483267588,1.240402403588469
590,2011,1.4019070945423637,-0.9005008899925913,0.5926997290764977,0.2566477569800529,0.6239484096702488,-0.6124280632095638,1.2440895557733074
591,2011,1.157624840067852,0.6000196157053619,0.13055657142021773,0.5504107280464582,0.07859677208746083,-0.3693569331225275,1.2477767079581457
592,2011,0.7655669007877711,0.8728415258322616,-0.7517167295599446,0.6422116565047101,1.461999903919515,-0.4773885464945436,1.2514638601429842
593,2011,0.6660445008166737,0.5318141381736358,-1.1718468728838267,0.8992542561878167,1.956836355044704,-0.45038064315153953,1.2551510123278224
594,2011,0.7082661250468363,0.19078675051500993,-1.1298338585514291,0.9910551846460687,2.172853248485007,-0.3153411264365194,1.2588381645126607
595,2011,0.8590576401545597,0.054375795451560086,-0.7937297438923423,1.1379366701792715,1.5157765813946467,-0.5584122565235556,1.2625253166974995
596,2011,0.8892159431761043,-0.08203515961188976,-0.7937297438923423,1.3215385270957754,0.8242646370494063,-0.5314043531805516,1.2662124688823377
597,2011,1.4079387551466727,-0.08203515961188976,0.08854355708781994,1.1379366701792715,1.8147718742112462,-0.9635308066686161,1.269899621067176
598,2011,1.6009518944845587,0.6682250932370856,0.46666068607930444,-1.7629726691014906,-0.9307967735247425,-0.7474675799245839,1.2735867732520145
599,2011,1.5587302702543961,-1.0369118450560435,1.3489339870594668,-2.4973800967675066,-0.932768837860925,-0.6664438698955718,1.2772739254368528
600,2012,1.429049567261754,-0.15024063714361588,0.8027648007384389,-0.44103929930266167,-0.5975179007098926,-1.0175466133546243,1.2808927970256758
601,2012,1.519524476326388,0.3954031831101859,0.13055657142021773,0.3668088711299542,-0.02728791303987877,-0.6394359665525678,1.284579949210514
602,2012,1.4893661733048433,1.4184853460860634,-0.037495485909325624,-0.5328402277609137,-0.7555105934894403,-0.6124280632095638,1.2882671013953526
603,2012,0.9163584158954945,1.964129166339865,-0.3315865862360623,-0.8082430131356696,-0.49739771133447125,-0.45038064315153953,1.291954253580191
604,2012,0.7052502947446817,1.4184853460860634,-1.4239249588781657,-0.14727632823625636,0.03248080607211531,-0.4233727398085356,1.2956414057650292
605,2012,0.6147753856800477,0.7364305707688117,-1.381911944545768,0.21992738559675157,0.10370266805963091,-0.4233727398085356,1.2993285579498677
606,2012,0.7052502947446817,0.19078675051500993,-1.0878208442190314,0.7890931420379128,0.6007387294059465,-0.9095149999826081,1.303015710134706
607,2012,0.6449336887015924,0.12258127298328622,-0.7937297438923423,0.8074533277295648,0.537405124763161,-0.828491289953596,1.3067028623195442
608,2012,0.8560418098524052,-0.42306254727051557,-0.4156126149008579,1.9825052119951885,3.767949901943426,-0.936522903325612,1.3103217339083673
609,2012,1.3988912642402094,0.25899222804673605,0.2986086287497611,0.7707329563462635,0.6567908657305197,-1.0715624200406322,1.3140088860932055
610,2012,1.3988912642402094,0.19078675051500993,0.3826346574145566,0.8992542561878167,-0.12187115254832613,-1.0175466133546243,1.317696038278044
611,2012,1.6703159914341115,0.3954031831101859,0.5926997290764977,-0.9000439415939215,-0.8768683987929814,-0.8554991932966001,1.3213831904628823
612,2013,1.5406352884414694,-0.3548570697387919,1.3489339870594668,-1.340688398193532,-0.6109431079215969,-0.828491289953596,1.3250703426477206
613,2013,1.525556136930697,0.8728415258322616,0.6347127434088478,-0.7715226417523708,-0.8152034639731195,-0.6394359665525678,1.3287574948325591
614,2013,1.242068088528177,1.2820743910226136,0.42464767174690665,-0.385958742227711,-0.6110189565499116,-0.45038064315153953,1.3325129276134131
615,2013,1.1365140279527706,1.7595127337446892,-0.5836646722304012,-0.587920784835867,-0.2564266191786273,-0.39636483646553144,1.3362000797982514
616,2013,0.8500101492480963,1.895923688808139,-0.8777557725570901,-0.44103929930266167,0.19221801730290133,-0.3693569331225275,1.3398872319830897
617,2013,0.6238228765865111,0.46360866064191203,-1.5499640018753114,1.009415370337718,0.4099794291944428,-0.5584122565235556,1.3435743841679284
618,2013,0.5755695917520397,0.12258127298328622,-1.2558729015486223,0.9543348132627674,0.7220206860811731,-0.39636483646553144,1.3472615363527667
619,2013,0.7173136159532997,0.19078675051500993,-1.0037948155542835,0.8808940704961647,0.725964814753538,-0.45038064315153953,1.3510169691336205
620,2013,0.8620734704567141,-0.2184461146753396,-0.7517167295599446,1.5602209410872299,1.9164848847812768,-0.45038064315153953,1.3547041213184587
621,2013,1.3747646218229737,-0.08203515961188976,0.3826346574145566,0.8992542561878167,2.036174020261894,-0.7474675799245839,1.3583912735032975
622,2013,1.4773028520962255,-0.013829682080166047,0.5086737004117022,-0.27579762807780966,-0.15615473254657647,-0.7204596765815798,1.362146706284151
623,2013,1.3566696400100469,-2.196404963095371,1.4329600157242623,-2.1485365686261493,-0.9270043421090068,-0.6394359665525678,1.3658338584689897
624,2014,1.208893955204478,-1.855377575436745,2.1051682450424356,-2.9013041819838157,-0.9385333336128432,-0.6394359665525678,1.3695892912498435
625,2014,1.3054005248734208,-0.42306254727051557,0.6767257577412455,-0.1656365139279057,-0.9096350062249375,-0.045262093006479084,1.3733447240306973
626,2014,1.2963530339669573,0.8046360483005378,0.6767257577412455,-0.03711521408635503,-0.6379452196016349,0.1437932303945492,1.3770318762155358
627,2014,0.958580040125657,1.964129166339865,-0.12152151457412118,-0.7164420846774175,-0.8807366788370318,-0.18030160972149925,1.3807873089963898
628,2014,0.6931869735360638,2.100540121403315,-0.625677686562799,-0.8816837559022722,-0.22396340625993016,-0.39636483646553144,1.3845427417772433
629,2014,0.5604904402412673,1.1456634359591638,-1.5499640018753114,0.3484486854383049,0.39078972623082037,-0.3423490297795233,1.3882981745580978
630,2014,0.5182688160111047,0.7364305707688117,-1.1718468728838267,0.2933681283633542,-0.35480229010281045,-0.4233727398085356,1.3920536073389513
631,2014,0.7142977856511452,0.19078675051500993,-0.5416516578980034,1.1012162987959702,1.3676442102960118,-0.8554991932966001,1.3958090401198056
632,2014,0.9404850583127302,0.3271977055784598,-0.3735996005684601,0.8992542561878167,0.7509948620973934,-0.6124280632095638,1.3995644729006593
633,2014,1.100324064326917,-0.013829682080166047,0.5506867147441,1.009415370337718,0.8895703060283745,-0.9635308066686161,1.4033199056815129
634,2014,1.2631789006432583,0.5318141381736358,0.6767257577412455,-0.294157813769459,-0.7689358007011445,-1.0175466133546243,1.4071436190583826
635,2014,1.3536538097078923,-0.5594735023339654,1.4329600157242623,-1.7446124834098413,-0.7015822187576792,-0.8014833866105919,1.4108990518392368
636,2015,0.1322425373353329,-1.309733755182943,1.8530901590481446,-1.6528115549515894,-0.9037946618447046,-0.9905387100116202,1.4147227652161058
637,2015,1.242068088528177,-0.08203515961188976,1.3909470013918646,-1.3774087695768333,-0.7882772009213964,-0.6394359665525678,1.41847819799696
638,2015,1.1033398946290716,0.7364305707688117,1.0968559010651278,0.3300884997466529,0.46011537251046836,-0.5043964498375476,1.422301911373829
639,2015,0.9525483795213481,1.2138689134908873,0.2986086287497611,-0.40431892791936297,0.32343614428735507,-0.8014833866105919,1.4261256247506986
640,2015,0.48207885238525117,1.8277182112764152,-0.4156126149008579,-0.36759855653606166,-0.28555249245147724,-0.8554991932966001,1.4299493381275683
641,2015,0.3554139796947635,1.2138689134908873,-0.5836646722304012,-0.05547539977800438,2.7121369958026182,-0.9635308066686161,1.4337730515044373
642,2015,0.3252556766732188,0.9410470033639877,-0.7517167295599446,0.10976627144685022,0.795290461033186,-0.8554991932966001,1.4375967648813068
643,2015,0.31319235546460095,0.8046360483005378,-0.49963864356560567,-0.128916142544607,-0.4492338323546283,-0.9905387100116202,1.4414204782581765
644,2015,0.494142173593869,0.3271977055784598,-0.16353452890651896,1.211377412945874,2.0495233788452834,-1.0445545166976282,1.4452441916350462
645,2015,1.0339757976795187,0.054375795451560086,0.9708168580679822,1.3215385270957754,1.681505834262295,-1.2606177434416606,1.4491361856079306
646,2015,1.145561518859234,0.7364305707688117,0.8867908294031867,0.017965342988598247,-0.4377048408507919,-1.0175466133546243,1.4529598989848003
647,2015,1.3355588278949655,0.12258127298328622,1.6430250873862033,-0.5144800420692642,-0.4472617680184458,-1.2336098400986564,1.4568518929576852
648,2016,1.2450839188303315,-0.4912680248022417,1.6430250873862033,-0.18399669961955767,-0.34911364297920694,-1.1255782267266403,1.4607438869305702
649,2016,1.4833345127005344,-0.15024063714361588,1.9791292020452902,-1.4875698837267348,-0.9385333336128432,-0.828491289953596,1.4646358809034552
650,2016,1.2601630703411038,1.1456634359591638,0.9708168580679822,-0.22071707100285898,-0.526296038722377,-0.6664438698955718,1.4685278748763402
651,2016,0.8288993371330149,2.236951076466765,-0.16353452890651896,-0.22071707100285898,-0.703478434465547,-0.774475483267588,1.4724198688492252
652,2016,0.6268387068886656,2.305156553998491,-0.667690700895149,-0.1656365139279057,-0.14098500688363383,-0.9095149999826081,1.4763801434181254
653,2016,0.3493823190904546,0.8046360483005378,-0.49963864356560567,1.193017227254222,2.627489926603398,-1.0985703233836361,1.4802721373910104
654,2016,0.4790630220830967,0.9410470033639877,-0.49963864356560567,0.8625338848045154,-0.10617048648718055,-1.0985703233836361,1.4842324119599108
655,2016,0.4066830948313894,0.8728415258322616,-1.2558729015486223,1.5051403840122792,2.0844137478700517,-1.1255782267266403,1.4881926865288118
656,2016,0.5484271190326494,0.19078675051500993,-0.667690700895149,1.1379366701792715,1.8840216718625793,-1.1795940334126485,1.4921529610977122
657,2016,0.7142977856511452,0.19078675051500993,-0.5836646722304012,1.4133394555540273,1.3077996425557032,-1.1795940334126485,1.4961132356666125
658,2016,1.230004767319559,0.5318141381736358,0.2986086287497611,0.4035292425132555,-0.01378685719985981,-0.9905387100116202,1.5000735102355127
659,2016,1.1606406703700063,-0.2866515922070657,0.7187387720736433,-1.028565241435475,-0.9385333336128432,-1.0445545166976282,1.5040337848044132
660,2017,1.3657171309165101,-0.2866515922070657,0.8447778150707889,-0.14727632823625636,-0.5956216850020247,-1.1525861300696445,1.5080623399693296
661,2017,1.2119097855066323,0.3954031831101859,1.1388689153975255,-2.295418054159353,-0.9385333336128432,-1.0985703233836361,1.5120908951342453
662,2017,1.094292403722608,1.2138689134908873,0.21458260008496552,-0.312517999461111,-0.5667233576141191,-0.9635308066686161,1.5160511697031462
663,2017,0.8771526219674864,1.5548963011495132,-0.16353452890651896,-0.6430013419108176,-0.3566985058106783,-1.0985703233836361,1.520079724868062
664,2017,0.7112819553489907,0.9410470033639877,-0.7097037152275468,1.1746570415625728,2.777746059294845,-1.2606177434416606,1.5241765606289936
665,2017,0.49112634329171456,0.9410470033639877,-1.0037948155542835,0.2933681283633542,0.7990828924489216,-1.2066019367556524,1.5282051157939094
666,2017,0.49112634329171456,0.3271977055784598,-1.0037948155542835,0.6238514708130608,1.673845122802509,-1.2606177434416606,1.532301951554841
667,2017,0.5996962341692754,0.6000196157053619,-1.0878208442190314,0.6238514708130608,1.8917582319506798,-1.3146335501276687,1.5363305067197572
668,2017,0.37652479180984477,0.6682250932370856,-0.667690700895149,0.7707329563462635,2.431041979268291,-1.2876256467846645,1.5404273424806885
669,2017,0.8288993371330149,-0.15024063714361588,-0.20554754323891675,1.303178341404126,3.5273580529291553,-1.2606177434416606,1.5445241782416201
670,2017,1.5677777611608597,-0.08203515961188976,0.13055657142021773,-0.36759855653606166,-0.39720167333073503,-1.1795940334126485,1.548689294598567
671,2017,1.5074611551177701,-1.309733755182943,1.2228949440623211,-1.5059300694183868,-0.5416933102702638,-1.2066019367556524,1.552786130359499
672,2018,1.3687329612186647,-0.5594735023339654,0.21458260008496552,-0.36759855653606166,0.17310416296759354,-1.2066019367556524,1.556951246716446
673,2018,1.5346036278371604,-0.5594735023339654,1.0968559010651278,-0.385958742227711,-0.5840926934981885,-1.0985703233836361,1.561116363073393
674,2018,1.3928596036359004,0.7364305707688117,0.1725695857526155,0.2566477569800529,0.11917578823583234,-1.1255782267266403,1.56528147943034
675,2018,1.2179414461109412,0.5318141381736358,-0.0795085002417234,0.6238514708130608,1.17498869437664,-1.1525861300696445,1.5694465957872872
676,2018,0.91334258559334,0.8728415258322616,-0.3735996005684601,0.7890931420379128,-0.34706573001470964,-1.2606177434416606,1.5736117121442341
677,2018,0.6177912159822022,0.9410470033639877,-1.0458078298866813,0.4586097995882062,0.5217803073303301,-1.2606177434416606,1.5778451090971966
678,2018,0.6449336887015924,0.3954031831101859,-1.5919770162077092,0.6054912851214088,0.5639521446733107,-1.2336098400986564,1.582078506050159
679,2018,0.816836015924397,0.12258127298328622,-1.381911944545768,0.9176144418794661,0.31751995127880744,-0.9095149999826081,1.586311903003122
680,2018,0.8771526219674864,0.054375795451560086,-0.5836646722304012,1.4500598269373286,1.396390840427288,-1.0715624200406322,1.5905452999560845
681,2018,1.423017906657445,0.25899222804673605,0.5086737004117022,0.9910551846460687,1.6372860839548173,-1.1525861300696445,1.594778696909047
682,2018,1.4471445490746808,0.3954031831101859,0.6767257577412455,-0.8633235702106229,-0.8268083041052706,-0.9905387100116202,1.5990803744580253
683,2018,1.4592078702832987,0.25899222804673605,0.8447778150707889,-0.8082430131356696,-0.2873728595310304,-1.0175466133546243,1.603382052007003
684,2019,1.6069835550888676,-0.2866515922070657,1.4749730300566122,-1.1387263555853788,-0.9308726221530572,-1.1255782267266403,1.6076837295559816
685,2019,1.4049229248445183,0.7364305707688117,1.1808819297299233,-0.0921957711613057,-0.9385333336128432,-0.828491289953596,1.6120536877009752
686,2019,1.299368864269112,1.2138689134908873,0.34062164308215886,0.036325528680247604,-0.8673114716253275,-0.7474675799245839,1.6163553652499532
687,2019,1.1998464642980144,2.305156553998491,-0.49963864356560567,-0.22071707100285898,-0.5608830132338862,-0.8014833866105919,1.6207253233949468
688,2019,0.8620734704567141,2.032334643871589,-1.1298338585514291,-0.7164420846774175,-0.09077321493929376,-0.8014833866105919,1.6250952815399407
689,2019,0.7263611068597631,1.1456634359591638,-1.0878208442190314,0.4953301709715075,0.18455730584311517,-0.9095149999826081,1.6294652396849338
690,2019,0.590648743262812,0.6682250932370856,-0.8357427582247401,0.054685714371896954,0.32525651136690825,-0.9905387100116202,1.6339034784259434
691,2019,0.5212846463132592,0.3954031831101859,-1.2978859158809724,0.6422116565047101,-0.10048183936357706,-0.7474675799245839,1.6382734365709366
692,2019,0.8982634340825677,0.12258127298328622,0.004517528423024388,1.193017227254222,1.827817838281377,-1.0715624200406322,1.6427116753119457
693,2019,1.2631789006432583,0.7364305707688117,0.2986086287497611,0.07304590006354891,0.15967895575588922,-1.0445545166976282,1.6472181946489708
694,2019,1.3807962824272826,0.25899222804673605,0.7187387720736433,-1.70789211202654,-0.8884732389251325,-0.9635308066686161,1.6516564333899801
695,2019,1.4531762096789897,-0.6276789798656915,1.51698604438901,-1.799693040484792,-0.9385333336128432,-0.9095149999826081,1.6561629527270045
